login,name,tfa_enabled,tfa_level,tfa_required_by,is_public,role,saml_name_id,organization_roles_count
30846,,true,secure,,false,Member,ICZAA363,0
5214e,,true,secure,,false,Member,ICZA8781,0
Adam-Almasy,,true,secure,,false,Member,ICZAF361,0
adamaylsworth,,true,secure,,false,Member,ICZAC016,0
adambezecnyrbcz,,true,secure,,false,Member,ICZAI847,0
AdamK-elb,cza18355,true,secure,,false,Member,ICZAG889,0
AdamPapez,,true,insecure,,false,Member,ICZAF081,0
Adelaile,,true,secure,,false,Member,ICZA8057,0
adelavajlich,,true,secure,,false,Member,ICZAF701,0
alenagatekova,,true,insecure,,false,Member,ICZAB602,0
Alenka-v-risi-divu,,true,secure,,false,Member,ICZA4144,0
AlesBeranek,,true,secure,,false,Owner,ICZABE1,0
AlesPukl,,true,secure,,false,Member,ICZA6920,0
alespuncochar,,true,secure,,false,Owner,ICZA9204,0
AlesRb,,true,insecure,,false,Member,ICZAF520,0
alexReact666,,true,secure,,false,Member,ICZAJ119,0
Alice-0518,Alice,true,secure,,false,Member,ICZAG991,0
Ammon444,,true,secure,,false,Member,ICZAJ166,0
andrej-kubek,,true,secure,,false,Member,ICZAI509,0
andrejstiborRBCZ,,true,secure,,false,Member,ICZAI081,0
AnetaBalintova,,true,secure,,false,Member,ICZAG516,0
anetarothova,,true,secure,,false,Member,ICZAF892,0
anitafilipova,,true,secure,,false,Member,ICZAA921,0
AnnaPenickova,,true,insecure,,false,Member,ICZAF570,0
AntonHad,,true,secure,,false,Member,ICZAG825,0
antonin-miler-rbcz,,true,secure,,false,Member,ICZAA775,0
antoninKobrRbCz,,true,secure,,false,Member,ICZAJ213,0
arbcz,,true,secure,,false,Member,ICZAK317,0
asqit-arbeit,Ondřej Tuček,true,secure,,false,Member,ICZAH356,0
asselj55,,true,secure,,false,Member,ICZAB185,0
astrmiskova,,true,insecure,,false,Member,ICZAA728,0
atmej,Ales Tmej,true,insecure,,false,Member,ICZAK141,0
azor-ahai23,,true,secure,,false,Member,ICZAK422,0
Belys1,,true,secure,,false,Member,ICZAI665,0
BerryCZe,,true,secure,,false,Member,ICZA6822,0
bigboban-rb,,true,secure,,false,Member,ICZA6743,0
BrankoV-droid,,true,secure,,false,Member,ICZAF901,0
Buih02,,true,insecure,,false,Member,ICZAG606,0
Butmic,,true,insecure,,false,Member,ICZA4174,0
Clanker-rbcz,,true,insecure,,false,Member,ICZAI377,0
cukamartin,,true,secure,,false,Member,ICZAJ927,0
cz18996,cza18996,true,secure,,false,Member,ICZAI202,0
cza14846,,true,insecure,,false,Member,ICZA9781,0
cza15172,,true,secure,,false,Member,ICZAB477,0
CZA15407,,true,secure,,false,Member,ICZAI835,0
cza15665,,true,secure,,false,Member,ICZAJ556,0
cza15723,,true,secure,,false,Member,ICZAJ522,0
cza16098,,true,secure,,false,Member,ICZAB985,0
cza16566,,true,insecure,,false,Member,ICZAC956,0
cza17427,,true,secure,,false,Member,ICZAF314,0
cza17606,,true,insecure,,false,Member,ICZAF528,0
cza17874,,true,secure,,false,Member,ICZAI293,0
cza18266,,true,insecure,,false,Member,ICZAG647,0
cza18434,,true,secure,,false,Member,ICZAH061,0
cza18505,,true,secure,,false,Member,ICZAH226,0
CZA18506,,true,secure,,false,Member,ICZAH227,0
cza18520,,true,secure,,false,Member,ICZAH148,0
cza18521,Ondřej Šesták,true,secure,,false,Member,ICZAH167,0
cza19059,,true,secure,,false,Member,ICZAK198,0
cza31100,,true,secure,,false,Member,ICZA7129,0
cza31112,,true,secure,,false,Member,ICZA7701,0
cza31220,,true,insecure,,false,Member,ICZA7813,0
cza37836,,true,insecure,,false,Member,ICZA1753,0
cza37852,,true,secure,,false,Member,ICZAMAP6,0
cza37860,Karel Slajer,true,insecure,,false,Member,ICZASLKA,0
cza37981,,true,secure,,false,Member,ICZA1998,0
cza38295,,true,secure,,false,Member,ICZA2808,0
cza38495,RBIHO-copilot,true,insecure,,false,Member,ICZA3282,0
cza38578,,true,insecure,,false,Member,ICZA3361,0
cza38677,,true,insecure,,false,Member,ICZAG628,0
cza38893,,true,insecure,,false,Member,ICZAK022,0
cza38932,,true,secure,,false,Member,ICZA4166,0
cza4058e,,true,secure,,false,Member,ICZA5831,0
cza4444e,,true,secure,,false,Member,ICZA6622,0
cza4553e,,true,secure,,false,Member,ICZA6795,0
cza50321e,,true,secure,,false,Member,ICZAH594,0
cza5061e,,true,secure,,false,Member,ICZA8433,0
cza50623e,,true,secure,,false,Member,ICZAH991,0
cza51057e,,true,secure,,false,Member,ICZAI806,0
cza5857e,,true,secure,,false,Member,ICZA9605,0
cza6363e,,true,secure,,false,Member,ICZAH882,0
cza6561e,,true,secure,,false,Member,ICZAB063,0
cza6667e,,true,secure,,false,Member,ICZAD620,0
cza7633e,,true,secure,,false,Member,ICZAD076,0
cza83068,,true,insecure,,false,Member,ICZAD525,0
cza83140,,true,secure,,false,Member,ICZAD283,0
CZA91119,,true,secure,,false,Member,ICZAE325,0
cza91591,,true,secure,,false,Member,ICZAE551,0
cza91639,,true,insecure,,false,Member,ICZAE694,0
cza9293e,Filip Kamenar,true,secure,,false,Member,ICZAF817,0
cza95115,,true,secure,,false,Member,ICZAMOPA,0
cza95761,,true,secure,,false,Member,ICZAMIPA,0
cza9634e,,true,secure,,false,Member,ICZAG565,0
d-sebesta,,true,secure,,false,Member,ICZLSED,0
dalibor13-co,,true,secure,,false,Member,ICZAE909,0
damianho,,true,secure,,false,Member,ICZAK039,0
danadudova1,,true,insecure,,false,Member,ICZAE901,0
DanaNovakova,,true,insecure,,false,Member,ICZAD373,0
Daniel-Durci,,true,secure,,false,Member,ICZAB722,0
daniel-fegler,,true,secure,,false,Member,ICZAJ110,0
daniel51905e,,true,secure,,false,Member,ICZAK363,0
danielfrydl98,,true,secure,,false,Member,ICZAJ944,0
danielgruberrbcz,,true,secure,,false,Member,ICZAI025,0
danielholecka,,true,secure,,false,Owner,ICZAHODA,0
danielmachalek,,true,insecure,,false,Member,ICZAMAD3,0
DanielPenkovRBCZ,Daniel Penkov,true,secure,,false,Member,ICZAK620,0
David-Franc-RBCZ,,true,secure,,false,Member,ICZAJ534,0
David-Pirkl,,true,insecure,,false,Member,ICZAPID,0
DavidBoklo,,true,secure,,false,Member,ICZABOD,0
DavidDrabek,,true,secure,,false,Member,ICZA4502,0
davidfronek-rb,,true,secure,,false,Member,ICZA9012,0
davidmdskrb,,true,insecure,,false,Member,ICZA9338,0
DavidS-RB,,true,secure,,false,Member,ICZAK147,0
DavMa-rb,,true,secure,,false,Member,ICZAE854,0
Dejvi8,,true,secure,,false,Member,ICZAG742,0
denisadrasnarovarb,,true,secure,,false,Member,ICZAJ856,0
denistat,,true,secure,,false,Member,ICZAI446,0
denizhoxha-rbi,WZHHXZ,true,insecure,,false,Owner,WZHHXZ,0
dkralrb,,true,secure,,false,Member,ICZAK025,0
dkryhut,,true,secure,,false,Member,ICZAK427,0
dkuberb,,true,secure,,false,Member,ICZA5785,0
dneuschl,,true,secure,,false,Member,ICZAK180,0
Dominik25-rb,,true,secure,,false,Member,ICZAJ961,0
DominikaLangrova,,true,secure,,false,Member,ICZAB574,0
dominikdvoracekrb,,true,secure,,false,Member,ICZAI842,0
DominikHerak,,true,secure,,false,Member,ICZAC916,0
dominikjan,,true,secure,,false,Member,ICZAC666,0
DParsley,,true,secure,,false,Member,ICZAP03,0
Drahorad,,true,secure,,false,Member,ICZAK338,0
drda-rbcz,,true,secure,,false,Member,ICZADRD,0
drezny-rbcz,,true,secure,,false,Member,ICZA5560,0
dsnokhaus-rb,,true,secure,,false,Member,ICZAF851,0
dvojta,,true,secure,,false,Member,ICZA3376,0
eblazkova-rbcz,,true,secure,,false,Member,ICZAC098,0
Edita436,,true,insecure,,false,Member,ICZA6407,0
EliskaKuzdasova,,true,secure,,false,Member,ICZAC261,0
EliskaZavadilova,,true,secure,,false,Member,ICZAA199,0
emmer-arch,,true,secure,,false,Member,ICZA7229,0
erikaViz,,true,secure,,false,Member,ICZAF426,0
eriknisler98rb,,true,secure,,false,Member,ICZAJ467,0
erikskarba,,true,secure,,false,Member,ICZA6896,0
EvaBartonkovaRB,,true,secure,,false,Member,ICZAK482,0
FabianParisi,,true,insecure,,false,Member,ICZAH880,0
fdz12,,true,insecure,,false,Member,ICZAF745,0
fedosenko-maryna,,true,secure,,false,Member,ICZL1194,0
FifkaJ,,true,secure,,false,Member,ICZAH197,0
filip-kment-rb,Filip Kment,true,secure,,false,Member,ICZAK387,0
filip-prochazka-rb,,true,secure,,false,Member,ICZAI658,0
filip-sulak,,true,insecure,,false,Owner,ICZAK375,0
filip19785,,true,insecure,,false,Member,ICZAC812,0
filipjanecek-rbcz,,true,secure,,false,Member,ICZAI172,0
FilipNad,,true,insecure,,false,Member,ICZAB422,0
FJ-PM,,true,insecure,,false,Member,ICZAJ158,0
frantisekbednar,,true,secure,,false,Member,ICZAJ390,0
Frantiska112,,true,secure,,false,Member,ICZAJ953,0
GabiHud,,true,secure,,false,Member,ICZAG571,0
geacek,,true,secure,,false,Member,ICZAKOUJ,0
ghsebarb,,true,secure,,false,Member,ICZAK123,0
Ghubik,,true,secure,,false,Member,ICZAB712,0
hajekmichael,,true,secure,,false,Member,ICZAD629,0
hanapin6,,true,secure,,false,Member,ICZAK374,0
hanekma,,true,secure,,false,Member,ICZAD702,0
haprokopova,,true,secure,,false,Owner,ICZAI936,0
HolekRene,,true,secure,,false,Member,ICZLHO1,0
Honza073,,true,secure,,false,Member,ICZAI129,0
honzabican,,true,secure,,false,Member,ICZAH771,0
HonzaSyrinek,,true,secure,,false,Member,ICZAI379,0
Honzik88,,true,insecure,,false,Member,ICZAF087,0
hopik007cz,,true,secure,,false,Owner,ICZAPLJA,0
Hrabi89,,true,insecure,,false,Member,ICZAH593,0
hros04,,true,secure,,false,Member,ICZAK197,0
hrustic2,,true,secure,,false,Member,ICZA3982,0
ICZA9652,,true,secure,,false,Member,ICZA9652,0
ICZAC590,,true,secure,,false,Member,ICZAC590,0
ICZAD569,,true,secure,,false,Member,ICZAD569,0
ICZAD769,Martin Zahradka,true,secure,,false,Member,ICZAD769,0
ICZAE850,,true,secure,,false,Member,ICZAE850,0
ICZAE957,,true,insecure,,false,Member,ICZAE957,0
ICZAHADJ,,true,secure,,false,Member,ICZAHADJ,0
ICZAJ049,,true,secure,,false,Member,ICZAJ049,0
ICZLPA5,,true,secure,,false,Member,ICZLPA5,0
IgorN10r,,true,secure,,false,Member,ICZAF663,0
iliapechenkin1,Ilia Pechenkin,true,secure,,false,Member,ICZAI789,0
IlonaMula,,true,secure,,false,Member,ICZAJ878,0
Impjoy,,true,secure,,false,Member,ICZA1700,0
IonianDance,,true,secure,,false,Member,ICZAF547,0
iskoumalRB,,true,secure,,false,Member,ICZAB210,0
itomcorbcz,,true,secure,,false,Member,ICZAJ231,0
IvaJin,,true,secure,,false,Member,ICZAG868,0
IvetaHalajova,,true,secure,,false,Member,ICZAG507,0
jakub-avramcev,,true,secure,,false,Member,ICZAJ579,0
jakub-hejtmanek,,true,insecure,,false,Member,ICZA2433,0
jakub-hirs,,true,secure,,false,Member,ICZAI460,0
jakub-maruska,,true,secure,,false,Member,ICZAA794,0
jakub-smekal-rb,,true,secure,,false,Member,ICZAI107,0
JakubHliza1,,true,secure,,false,Member,ICZAHL0,0
JakubKolarRB,,true,secure,,false,Member,ICZA7940,0
JakubKrahulec,,true,secure,,false,Member,ICZAH985,0
JakubMusil01,,true,secure,,false,Member,ICZAE970,0
Jakubsli,,true,secure,,false,Member,ICZA9878,0
jakubvrtny,,true,secure,,false,Member,ICZAG526,0
jakupski,cza4523e,true,secure,,false,Member,ICZA6723,0
jambi6,,true,secure,,false,Member,ICZLKVP,0
jan-herskovic,,true,secure,,false,Member,ICZAJ581,0
jan-rb,,true,secure,,false,Member,ICZAE235,0
Jan-Tauchmann,,true,secure,,false,Owner,ICZAF971,0
Jan-Vasilcenko,,true,secure,,false,Member,ICZAJ866,0
jana-cerna2,,true,secure,,false,Member,ICZAJ704,0
janazizkova,,true,secure,,false,Member,ICZAJ413,0
JanBudka,,true,secure,,false,Member,ICZAI405,0
jancap-rb,,true,insecure,,false,Member,ICZAF609,0
jancerny3rb,,true,secure,,false,Member,ICZAH886,0
Janek-dotcz,,true,secure,,false,Member,ICZAA087,0
janelznic-rbcz,,true,secure,,false,Member,ICZAK112,0
JanHermanek3,,true,secure,,false,Member,ICZAJ931,0
janhonkysrb,,true,insecure,,false,Member,ICZAI180,0
janhrivnakrb,,true,secure,,false,Member,ICZAF536,0
janjelinekrb,,true,secure,,false,Member,ICZAG787,0
jankolar3rb,,true,secure,,false,Member,ICZAK330,0
JanKveton,,true,insecure,,false,Member,ICZAH475,0
janmarcis-2,janmarcis-2,true,secure,,false,Member,ICZAI055,0
jannovotnyrb,Jan Novotny,true,secure,,false,Member,ICZANOJ2,0
JanPalyza,,true,secure,,false,Member,ICZA9837,0
janprudkyrb,,true,secure,,false,Member,ICZAH926,0
jansiebert-rb,,true,secure,,false,Member,ICZAB948,0
janstrnadrb,,true,secure,,false,Member,ICZAJ487,0
jarolimovaja,,true,secure,,false,Member,ICZA7108,0
Jaroslav-Pejsa-RBCZ,,true,secure,,false,Member,ICZA9274,0
jaroslavhancl,,true,secure,,false,Member,ICZAH324,0
jaroslavlukesRB,,true,secure,,false,Member,ICZAC099,0
jcoufalik2rbcz,,true,secure,,false,Member,ICZAK124,0
JendaHolec,,true,secure,,false,Member,ICZAH14,0
jenmatko,Matej Jendrol,true,insecure,,false,Member,ICZAE919,0
JFRIRB,,true,insecure,,false,Member,ICZAA360,0
JH2704,,true,secure,,false,Member,ICZAC921,0
jhoufek,,true,secure,,false,Member,ICZA2005,0
jim25rb,jim,true,insecure,,false,Member,ICZAD248,0
JindrichFilinRbcz,,true,secure,,false,Member,ICZAI996,0
jiri-matejcek-rb-cz,,true,secure,,false,Member,ICZA9075,0
jiri-pakosta,,true,insecure,,false,Member,ICZAE724,0
jiri-zamouril,,true,secure,,false,Member,ICZAJ112,0
JiriCapek-creator,,true,secure,,false,Member,ICZL1201,0
JiriHylmarRB,,true,secure,,false,Member,ICZAG576,0
JiriS-creator,,true,secure,,false,Member,ICZAC416,0
jklouc,,true,secure,,false,Member,ICZAA661,0
JKMBA,,true,insecure,,false,Member,ICZAG552,0
jkral-ip,,true,secure,,false,Member,ICZAB330,0
jkrcz,,true,secure,,false,Member,ICZA0604,0
jmarek50,,true,insecure,,false,Member,ICZAD415,0
jminarikrb,,true,secure,,false,Member,ICZA0488,0
jnhrrb,,true,secure,,false,Member,ICZA7787,0
JohnyInTheRaifka,,true,secure,,false,Member,ICZAD795,0
JonasMimra,,true,secure,,false,Member,ICZAC762,0
josef-kousal,,true,secure,,false,Member,ICZAK413,0
josef-meznik-rb,,true,secure,,false,Member,ICZAH679,0
josef51773e,,true,secure,,false,Member,ICZAK178,0
JosefBarta86,,true,insecure,,false,Member,ICZABAJO,0
josefnovak2,,true,insecure,,false,Member,ICZAE074,0
JosefTurek,,true,secure,,false,Member,ICZA8054,0
jozef-durica,,true,secure,,false,Member,ICZAF422,0
jsolta,,true,secure,,false,Member,ICZASOJA,0
jsopoci,,true,secure,,false,Member,ICZAI728,0
jsvacina,jsvacina,true,secure,,false,Member,ICZA7964,0
JSvoboda6,,true,secure,,false,Member,ICZAK536,0
JSyk79,Jan,true,secure,,false,Member,ICZA7899,0
JT-git-it,,true,secure,,false,Member,ICZA0619,0
JuhTygProf,,true,secure,,false,Member,ICZAJ008,0
Julie-Alex-RBCZ,,true,secure,,false,Member,ICZA8965,0
jurajb05,,true,secure,,false,Member,ICZAK189,0
jz561RSmRcjWYk,,true,secure,,false,Member,ICZAK115,0
jzalman-rbcz,,true,secure,,false,Owner,ICZAZALJ,0
KamilRB,,true,secure,,false,Member,ICZA3682,0
karel-ha-raiffeisen,Karel Ha,true,secure,,false,Member,ICZAK415,0
karel-spalenka,,true,secure,,false,Member,ICZAI054,0
KarelPiha,,true,secure,,false,Member,ICZAI367,0
KaresOndrej,,true,secure,,false,Member,ICZAH979,0
Karlos800,,false,disabled,,false,Member,ICZAD701,0
KarPono,,true,insecure,,false,Member,ICZA9015,0
kasparekjan,,true,insecure,,false,Member,ICZAJ156,0
kaufmannrb,,true,secure,,false,Member,ICZAI663,0
KlaraVilimkova,,true,secure,,false,Member,ICZAC170,0
KlikarPetr,,true,secure,,false,Owner,ICZA2565,0
klrb11,,true,secure,,false,Member,ICZAK255,0
KMatuska,,true,secure,,false,Member,ICZAG797,0
knazko,,true,secure,,false,Member,ICZA3048,0
KorenskaKristyna,,true,secure,,false,Member,ICZAK533,0
Kostrena,,true,secure,,false,Member,ICZAJ055,0
kovac-i,,true,secure,,false,Member,ICZAJ901,0
kristin-mi,,true,secure,,false,Member,ICZAF328,0
kristynasevcikova-rbcz,,true,secure,,false,Member,ICZAI817,0
kristynatuckova,,true,insecure,,false,Member,ICZAG506,0
Krisx939,,true,secure,,false,Member,ICZAB689,0
krtkususrb,,true,secure,,false,Member,ICZAKRJ2,0
krystoffranclrb,,true,secure,,false,Member,ICZAI644,0
ksavincova,,true,secure,,false,Member,ICZAI475,0
KSklibaRBCZ,,true,secure,,false,Member,ICZASKKA,0
KT-32,,true,insecure,,false,Member,ICZAD883,0
KTomsa1,,true,secure,,false,Member,ICZAI820,0
LadislavMertusRB,,true,insecure,,false,Owner,ICZAMELA,0
lBaloun72,,true,secure,,false,Member,ICZAI587,0
Lenka-P5,,true,secure,,false,Member,ICZAI579,0
lenkaburyova,,true,secure,,false,Member,ICZAK506,0
LenkaNesp,,true,secure,,false,Member,ICZAJ084,0
LenkaRB,,true,secure,,false,Member,ICZAI428,0
LenkaTru,,true,insecure,,false,Member,ICZA9542,0
lenmajerova,,true,insecure,,false,Member,ICZA9662,0
LiborFRB,,true,secure,,false,Member,ICZAI640,0
Lily-Loudova,,true,secure,,false,Member,ICZAF712,0
lmarcisinlaslopova,,true,secure,,false,Member,ICZA7713,0
lmartisRb,,true,secure,,false,Member,ICZAH323,0
ln482,,true,secure,,false,Member,ICZAK093,0
ltorokrb,,true,secure,,false,Member,ICZAH597,0
ltvr,,true,secure,,false,Member,ICZAK238,0
lubomiradamek,,true,secure,,false,Member,ICZA3842,0
luborb,,true,secure,,false,Member,ICZAE545,0
luborzoufal,,true,insecure,,false,Member,ICZAE780,0
lubos-matasek-rb,,true,secure,,false,Member,ICZA2448,0
LucaChica,,true,insecure,,false,Member,ICZAF437,0
Lucie-Basus,,true,secure,,false,Member,ICZAI283,0
luciefinrb,,true,secure,,false,Member,ICZAJ999,0
LudmilaTesarova,,true,secure,,false,Member,ICZAI831,0
lukas-kostka,Lukas KOSTKA 2,true,secure,,false,Member,ICZAJ706,0
lukasbrozrbcz,,true,secure,,false,Member,ICZABRL1,0
LukasFabianek,,true,secure,,false,Member,ICZAC767,0
LukasFrouzRB,,true,secure,,false,Member,ICZAH465,0
LukasHavl,,true,secure,,false,Member,ICZAH680,0
LukasKratochvilRB,,true,secure,,false,Member,ICZAC244,0
LukasRB20,,true,secure,,false,Member,ICZAB939,0
LukasRBCZ,,true,secure,,false,Member,ICZAF487,0
lukasvalachrbcz,,true,secure,,false,Member,ICZAI114,0
LukasVenta,,true,secure,,false,Member,ICZAD942,0
lukasveselyrb,,true,secure,,false,Member,ICZAD884,0
luvacode,,true,secure,,false,Member,ICZAA483,0
LydiaSte,,true,secure,,false,Member,ICZAJ919,0
m-skakal,cza37344,true,secure,,false,Member,ICZA0668,0
M203962,,true,secure,,false,Member,ICZACH1,0
MarcelaChmelova,,true,secure,,false,Member,ICZAC963,0
MarianPetras-rb,,true,secure,,false,Member,ICZAG425,0
mariekucerova-del,,true,secure,,false,Member,ICZAH253,0
marierejmanova,,true,secure,,false,Member,ICZA9924,0
mariiafateeva,,true,secure,,false,Member,ICZAG436,0
martin-levy,,true,secure,,false,Member,ICZAH059,0
martin-mucha-rbcz,,true,secure,,false,Member,ICZA6898,0
martin-rapavy,,true,insecure,,false,Member,ICZAA744,0
Martin-Stach-RBCZ,,true,secure,,false,Member,ICZAG824,0
martin1f,,true,secure,,false,Member,ICZAB072,0
martinanemethovarb,,true,secure,,false,Member,ICZAK325,0
MartinHajek2,,true,secure,,false,Member,ICZAG691,0
MartinHruskaRb,,true,secure,,false,Member,ICZAJ075,0
MartinKral3,,true,secure,,false,Member,ICZAC911,0
martinnemjorbcz,,true,secure,,false,Member,ICZAH941,0
MartinNovacek,,true,secure,,false,Member,ICZAC459,0
martinpochopin,,true,secure,,false,Member,ICZAPOCM,0
martinpokornyrl,,true,secure,,false,Member,ICZLPOM,0
MartinRybka2,Martin Rybka,true,insecure,,false,Member,ICZAJ327,0
MartinSpinka818,,true,secure,,false,Member,ICZA1204,0
martinvalerianrb,,true,secure,,false,Member,ICZAH347,0
MartinVanko,,true,secure,,false,Member,ICZAK291,0
MartinZahradil84,,true,secure,,false,Member,ICZAB286,0
Marvin0083,,true,secure,,false,Member,ICZAMU2,0
masekjan,,true,secure,,false,Member,ICZAE753,0
masiardavid,,true,secure,,false,Member,ICZAK280,0
MatejKoudelkaRBCZ,,true,secure,,false,Member,ICZAH966,0
matejkoval,,true,secure,,false,Member,ICZAH063,0
matyasmarek99,,true,secure,,false,Member,ICZAK393,0
maxami-rb,,true,insecure,,false,Member,ICZA9183,0
md2358,,true,secure,,false,Member,ICZAK069,0
megus-RB,,true,secure,,false,Member,ICZAH183,0
mflashback,,true,secure,,false,Member,ICZAI941,0
mgalba,Michal Galba,true,secure,,false,Member,ICZA9754,0
mha-rbcz-copilot,,true,secure,,false,Member,ICZA3119,0
mhocko,,true,secure,,false,Member,ICZL029,0
Michael-RBCZ,,true,insecure,,false,Member,ICZAK153,0
MichaelaBe2,,true,secure,,false,Member,ICZAJ276,0
MichaelaMala,,true,secure,,false,Member,ICZAH540,0
michaeljarolin,,true,secure,,false,Member,ICZA8539,0
michaelprinc-rbcz,,true,secure,,false,Member,ICZAC788,0
michal-schejbal-rb,,true,secure,,false,Member,ICZAK402,0
michal-sviba-rb,,true,secure,,false,Member,ICZA6626,0
michalbankrb,,true,secure,,false,Member,ICZAF608,0
michalbelohoubekrb,,true,secure,,false,Member,ICZAI652,0
MichalBrokes,cza18815,true,secure,,false,Member,ICZAH842,0
MichalCech,,true,secure,,false,Member,ICZAI589,0
MichalDrnovec,,true,secure,,false,Member,ICZAB637,0
MichalFiserRBCZ,,true,secure,,false,Member,ICZAF584,0
MichalHasekRB,,true,secure,,false,Member,ICZA5770,0
MichalHolzerRB,,true,secure,,false,Member,ICZAK364,0
MichalHreb,,true,secure,,false,Member,ICZAI544,0
michalkroupa1980,,true,secure,,false,Member,ICZAKR8,0
michalmrazekfinshape,,true,secure,,false,Member,ICZA9447,0
MichalPanenka,,true,secure,,false,Owner,ICZAH898,0
MichalPestaRB,,true,insecure,,false,Member,ICZAJ239,0
michalpravda-rb,,true,secure,,false,Member,ICZA6380,0
MichalStefl,,true,insecure,,false,Owner,ICZAA938,0
michalsticha,,true,secure,,false,Member,ICZLST9,0
MiDoRB,,true,secure,,false,Member,ICZAK542,0
miimonaut,,true,secure,,false,Member,ICZAK138,0
miirab,,true,secure,,false,Member,ICZABOM9,0
MiKa-19,,true,secure,,false,Member,ICZA8097,0
mikucer,,true,secure,,false,Member,ICZA7151,0
milan-rb,,true,secure,,false,Member,ICZAJ834,0
MilanNeuzil,,true,secure,,false,Member,ICZA0289,0
minarmi,,true,secure,,false,Member,ICZL108,0
miroslava-rb,,true,insecure,,false,Member,ICZAK321,0
MiroslavKovacRB,,true,secure,,false,Owner,ICZAG463,0
MiroslavKral-RB,,true,secure,,false,Member,ICZA6887,0
MiTi30543,,true,insecure,,false,Member,ICZA9596,0
mkabelka,,true,insecure,,false,Member,ICZAKABM,0
mnguyen15488,,true,secure,,false,Member,ICZAJ002,0
MonikaWork,Monika Pospíšilová,true,insecure,,false,Member,ICZAH418,0
MoniKubi,,true,secure,,false,Member,ICZAH498,0
mpavelkaRB,Martin Pavelka,true,secure,,false,Member,ICZA8475,0
mrimovsky,,true,secure,,false,Member,ICZAJ536,0
mrondrejduchon-rb,,true,secure,,false,Member,ICZAG867,0
msa-rbcz,,true,secure,,false,Member,ICZAJ517,0
MSA657,,true,secure,,false,Member,ICZASAM4,0
MSparlinek,MSparlinek,true,secure,,false,Member,ICZA7287,0
MTvrz91573,,true,secure,,false,Member,ICZAE536,0
murousek,Vojtěch Gabriel,true,secure,,false,Member,ICZAB946,0
MVodicka98,,true,secure,,false,Member,ICZAVOM,0
MyldaJilek,,true,secure,,false,Member,ICZA0249,0
natykuzelova,,true,secure,,false,Member,ICZAG007,0
nazarAtRbCz,,true,secure,,false,Member,ICZAI191,0
NBeho,,true,secure,,false,Member,ICZAI719,0
nevyhosteny,,true,secure,,false,Member,ICZAK376,0
nikolauresova1,,true,secure,,false,Member,ICZAC861,0
nomas2,,true,secure,,false,Member,ICZAD885,0
NonfriedM,,true,secure,,false,Member,ICZAK516,0
ntsoy98,,true,secure,,false,Member,ICZAK092,0
nykodymovaj,,true,secure,,false,Member,ICZAF935,0
ojandos,,true,secure,,false,Member,ICZA9865,0
ol3-rbcz,,true,insecure,,false,Member,ICZAE554,0
oleksandr-riabchuk-rb,,true,secure,,false,Member,ICZAI709,0
OleksiiNehoi,,true,secure,,false,Member,ICZAC466,0
OlgaOzanova,,true,secure,,false,Member,ICZAA974,0
Olly-RB,,true,secure,,false,Member,ICZAJ879,0
ondrej-novak-rb-cz,,true,secure,,false,Member,ICZA4188,0
ondrej-snop,,true,secure,,false,Member,ICZAH927,0
ondrej-tichy-rbcz,,true,secure,,false,Member,ICZAC552,0
ondrej1313,,true,secure,,false,Member,ICZA3096,0
ondrejbeloch-rbcz,,true,secure,,false,Member,ICZA9199,0
ondrejkazda,,true,secure,,false,Member,ICZAC274,0
ondrejmikita,,true,insecure,,false,Owner,ICZA1192,0
ondrejveselyrbcz,,true,secure,,false,Member,ICZAJ197,0
ondrejzachrb,,true,secure,,false,Member,ICZAJ551,0
onecas-rb,,true,secure,,false,Member,ICZAK099,0
OnyskivMichalRb,,true,insecure,,false,Member,ICZAH002,0
OrllinRB,,true,secure,,false,Member,ICZASO6,0
oungrad,,true,secure,,false,Member,ICZA8814,0
ovodicka,,true,secure,,false,Member,ICZA9119,0
pamarb,,true,insecure,,false,Member,ICZA9022,0
patrik-fiala-rbcz,,true,secure,,false,Member,ICZAI653,0
pavel-plat,,true,secure,,false,Member,ICZA1584,0
pavel-seiner-rb,,true,secure,,false,Member,ICZAA773,0
pavel-valenta-rb,,true,secure,,false,Member,ICZAG328,0
Pavel1440,,true,insecure,,false,Member,ICZAG729,0
Pavel1Kraus,,true,secure,,false,Member,ICZAK25,0
pavelh-RB,,true,secure,,false,Member,ICZAH287,0
PavelK5,,true,secure,,false,Member,ICZAB652,0
PavelKahle,,true,insecure,,false,Member,ICZAB850,0
PavelMatejsek,,true,insecure,,false,Member,ICZA9741,0
PavelStarosta,,true,secure,,false,Member,ICZAA235,0
PavlaSimkovaRBCZ,,true,secure,,false,Member,ICZASIPA,0
PavlaStrajtova8119,,true,insecure,,false,Member,ICZAD609,0
pb-del,,true,secure,,false,Member,ICZA9328,0
pbalsanek,,true,secure,,false,Member,ICZAK122,0
pbilek,,true,secure,,false,Member,ICZABIP,0
pchlibek,,true,secure,,false,Member,ICZAK370,0
PepaMaras,Maras Josef,true,insecure,,false,Member,ICZAM08,0
PetiBrezinova,,true,secure,,false,Member,ICZAK532,0
petr-blazek-rbcz,,true,secure,,false,Member,ICZAE583,0
petr-marhoun-rb-cz,,true,insecure,,false,Member,ICZA8432,0
Petr-RB,,true,secure,,false,Member,ICZAC898,0
petr-stengl,,true,secure,,false,Member,ICZAB308,0
petraroubikova,,true,secure,,false,Member,ICZA2424,0
petrasubrova,,true,secure,,false,Member,ICZAK245,0
PetraVondrova,,true,secure,,false,Member,ICZAJ665,0
PetrB607,,true,secure,,false,Member,ICZAF761,0
petrbambas,,true,insecure,,false,Member,ICZAH725,0
petrbrozrb,,true,secure,,false,Member,ICZAJ479,0
petrcanekrbcz,,true,insecure,,false,Member,ICZA1374,0
petrehak,Petr Řehák,true,secure,,false,Member,ICZAE154,0
PetrHonsTc,,true,secure,,false,Member,ICZA0742,0
petrklement70,,true,secure,,false,Member,ICZAC803,0
petrmares2,,true,secure,,false,Member,ICZAMAR2,0
petrmudra3,,true,secure,,false,Member,ICZAI193,0
PetrSkryja,,true,insecure,,false,Member,ICZASKP,0
petrsochan3,,true,secure,,false,Member,ICZAG791,0
PetrV1998,,true,secure,,false,Member,ICZAI257,0
petrvojtik-rb,,true,secure,,false,Member,ICZAB938,0
PetrVokalek,,true,insecure,,false,Member,ICZAI979,0
petrzelenka-art,,true,insecure,,false,Member,ICZA7688,0
petter1980,,true,secure,,false,Member,ICZA3745,0
ph-rb,,true,secure,,false,Member,ICZAA776,0
PJK-RB,,true,secure,,false,Member,ICZAB794,0
pjurzykowski,,true,secure,,false,Member,ICZAF256,0
pkuceracowley,pavelkucerarbcz,true,secure,,false,Member,ICZAKUP1,0
PKylar242,,true,insecure,,false,Member,ICZAKYP,0
Plojhi-rb,,true,insecure,,false,Member,ICZAI710,0
polcermichal,cza31173,true,insecure,,false,Member,ICZA6747,0
pors-rbcz,,true,secure,,false,Member,ICZAC516,0
ppoul89,,true,secure,,false,Member,ICZA5411,0
pschnajberk,,true,secure,,false,Member,ICZAG895,0
pstrasakova,,true,secure,,false,Member,ICZAA499,0
ptacekt,,true,secure,,false,Member,ICZAK517,0
pvydra-rb,,true,secure,,false,Member,ICZA9346,0
quasicoherentsheaf,,true,secure,,false,Member,ICZAC443,0
r4d3k-d,,true,secure,,false,Member,ICZAK208,0
radacovsky-rbcz,,true,secure,,false,Member,ICZAC087,0
radek-knytl-rb,,true,secure,,false,Member,ICZAI574,0
RadekJrb,,true,secure,,false,Member,ICZAJ872,0
RadekRLCZ,,true,secure,,false,Member,ICZAK349,0
radeksoumar-rb,,true,insecure,,false,Member,ICZA1473,0
radekvaclavikrb,,true,secure,,false,Member,ICZAI276,0
radekzmeskalrb,,true,secure,,false,Member,ICZAJ232,0
RadimGGG,,true,secure,,false,Member,ICZAH471,0
radka-heydova,,true,secure,,false,Member,ICZAC737,0
RadkaOlysarova,,true,secure,,false,Member,ICZAK040,0
radovanrbcz,,true,secure,,false,Member,ICZLVA4,0
radparrb,,true,secure,,false,Member,ICZAH035,0
RadvanRB,,true,secure,,false,Member,ICZARAJA,0
RadZdar,,true,insecure,,false,Member,ICZAI888,0
RAGenjoyer,,true,secure,,false,Member,ICZAJ528,0
RaiffeisenJiriC,,true,secure,,false,Member,ICZAJ305,0
RAIFJames,,true,secure,,false,Member,ICZAG837,0
rb-lad-teply,,true,secure,,false,Member,ICZA2123,0
RB-Mikous,,true,secure,,false,Member,ICZAI821,0
RB-VaclavT,Vaclav T,true,secure,,false,Member,ICZA8811,0
rbarchanek,,true,secure,,false,Member,ICZAI854,0
rbberanjosef,,true,secure,,false,Member,ICZABEJO,0
rbcz-micfold,,true,secure,,false,Member,ICZAE880,0
rbczsatura,,true,insecure,,false,Member,ICZAK019,0
rbkuceraroman,,true,secure,,false,Member,ICZAG490,0
rbladislavsterba,,true,secure,,false,Member,ICZAB545,0
rbluke,,true,secure,,false,Member,ICZAH550,0
rbonnav,,true,secure,,false,Member,ICZAI145,0
rbtosf,,true,secure,,false,Member,ICZAK261,0
RBVojtech,,true,secure,,false,Member,ICZAK205,0
RD-arch2000,,true,secure,,false,Member,ICZADRR,0
RDGH2025,,true,insecure,,false,Member,ICZADIR,0
ReneLumcer,,true,secure,,false,Member,ICZAD793,0
RichardKlem-RBCZ,,true,secure,,false,Owner,ICZAK005,0
RitaPiackova,,true,insecure,,false,Member,ICZAI222,0
RobertKazimir,,true,secure,,false,Member,ICZAK65,0
robin-kment-rb,,true,secure,,false,Member,ICZAG856,0
robinraifka,,true,secure,,false,Member,ICZAI775,0
romanriha,,true,insecure,,false,Member,ICZAF457,0
romanski74,,true,secure,,false,Member,ICZAB600,0
romansmirak,,true,secure,,false,Member,ICZAH083,0
Rostislav266,,true,secure,,false,Member,ICZA8930,0
RSA91,,true,secure,,false,Member,ICZAK292,0
rudolf-pokorny,,true,secure,,false,Member,ICZAP06,0
rvavrusaRB,,true,secure,,false,Member,ICZAK329,0
SabinaKnotkova,,true,secure,,false,Member,ICZAC006,0
SarkaBednarova,,true,secure,,false,Member,ICZAH897,0
sarkabrezinova-RB,,true,secure,,false,Member,ICZAB323,0
sbrbcz,,true,secure,,false,Member,ICZAI664,0
SEBMILRB,,true,secure,,false,Member,ICZAE563,0
sehnalj,,true,secure,,false,Member,ICZLSEJ,0
SekerkaMRBCZ,,true,secure,,false,Member,ICZAJ941,0
sewermonster777,Valentin Matak,true,secure,,false,Member,ICZLKRP,0
silhandav,,true,insecure,,false,Member,ICZA1246,0
SimonPetracekRB,,true,secure,,false,Member,ICZAK118,0
SimonSloup,,true,secure,,false,Member,ICZAE566,0
sitart-rb,,true,secure,,false,Member,ICZAI920,0
skalensky,,true,secure,,false,Member,ICZAG345,0
skroby1010,,true,insecure,,false,Member,ICZAK182,0
slavickova,,true,secure,,false,Member,ICZAK379,0
sliorbcz,,true,secure,,false,Member,ICZAI386,0
smiidj,,true,secure,,false,Member,ICZAC205,0
SniperCom,,true,secure,,false,Member,ICZL074,0
sonakarkoskova,,true,insecure,,false,Member,ICZAA862,0
SonaPrilucikova,,true,insecure,,false,Member,ICZAI584,0
SonaSme,,true,insecure,,false,Member,ICZAI218,0
SonaVyh,,true,insecure,,false,Member,ICZAC793,0
SpelinaM,,true,insecure,,false,Member,ICZAF399,0
stanislav-kohan,,true,secure,,false,Member,ICZAI491,0
stepanbes,,true,secure,,false,Member,ICZAC064,0
stepanhercik,,true,secure,,false,Member,ICZAA126,0
stepansonsky-rb,,true,secure,,false,Member,ICZAK511,0
StepD-RBCZ,,true,secure,,false,Member,ICZA5789,0
StotterM,,true,secure,,false,Member,ICZAA472,0
StrachotaRB,,true,secure,,false,Member,ICZAI190,0
StrataRB,,true,secure,,false,Member,ICZASTP5,0
styblikmarek,,true,insecure,,false,Member,ICZAH157,0
suchdrbcz,cza18560,true,secure,,false,Member,ICZAH291,0
sultanrbcz,,true,secure,,false,Member,ICZAI301,0
surychrb,,true,secure,,false,Member,ICZAK318,0
sv-networks,,true,secure,,false,Member,ICZAVAST,0
svec-petr,,true,secure,,false,Member,ICZAK396,0
syberal,,true,secure,,false,Member,ICZAC876,0
SylvaGK,,true,secure,,false,Member,ICZA8865,0
SylvaStolzova,,true,secure,,false,Member,ICZAJ902,0
sytensky,,true,insecure,,false,Member,ICZAJ861,0
t-sundoku,,true,secure,,false,Member,ICZAE634,0
Tade15288,,true,secure,,false,Member,ICZAB651,0
TadeasPirich,,true,secure,,false,Member,ICZAK265,0
tamy-sk,,true,secure,,false,Member,ICZAE709,0
tatianakulikovarb,,true,secure,,false,Member,ICZAA801,0
taveria,,true,secure,,false,Member,ICZLGOA,0
tbohmrbcz,,true,secure,,false,Member,ICZAK064,0
terezalastikova,,true,insecure,,false,Member,ICZAJ973,0
TerezaZanova,,true,secure,,false,Member,ICZAK529,0
TerezieCieslar,,true,secure,,false,Member,ICZAI182,0
TiborStokl95,,true,secure,,false,Member,ICZAH858,0
TichavskyMilan,,true,secure,,false,Member,ICZAE092,0
tk-rb,,true,secure,,false,Member,ICZAJ960,0
TkayRoit,WZHKQM,true,insecure,,false,Owner,WZHKQM,0
tocerb,,true,secure,,false,Member,ICZAI999,0
tohejl,,true,secure,,false,Member,ICZAJ186,0
Tomas-Horak-RB,,true,secure,,false,Member,ICZAJ004,0
tomas-lizner,,true,secure,,false,Member,ICZAJ548,0
Tomas-Rydl,,true,secure,,false,Member,ICZLRYT,0
Tomas15116,,true,secure,,false,Member,ICZAB321,0
tomasbil9,,true,secure,,false,Member,ICZA1739,0
TomasFilip11,,true,secure,,false,Member,ICZAH960,0
TomasKysely,,true,secure,,false,Member,ICZAJ414,0
tomasmichalrb,,true,secure,,false,Member,ICZAJ707,0
tomasnovakrb,,true,secure,,false,Member,ICZAJ970,0
tomaspernicky,,true,secure,,false,Member,ICZAI705,0
TomasRBCZ,,true,secure,,false,Member,ICZA6775,0
TomasSedlacek99x,,true,secure,,false,Member,ICZAK108,0
tplanicka,,true,secure,,false,Member,ICZAG710,0
tslacik,,true,secure,,false,Member,ICZAG996,0
ttrbcz,,true,secure,,false,Member,ICZAK417,0
tvitasek-rl,,true,secure,,false,Member,ICZLVIT,0
TYKY-warehouseman,,true,secure,,false,Member,ICZATYO,0
vaclav-kaderabek,,true,insecure,,false,Member,ICZAD657,0
Vaclav7,,true,secure,,false,Member,ICZAF676,0
vaclavarnosrbcz,Vaclav Arnos,true,secure,,false,Member,ICZAARV,0
valentin-rb,,true,secure,,false,Member,ICZAK546,0
vannaRB,,true,secure,,false,Member,ICZL063,0
VanyRB,,true,secure,,false,Member,ICZA7734,0
vasatko1976,,true,secure,,false,Member,ICZAA423,0
Vasek-RBCZ,,true,secure,,false,Member,ICZA1650,0
vasekkindl,,true,secure,,false,Member,ICZAI368,0
vasmatej,,true,secure,,false,Member,ICZAH042,0
Veeroonika,,true,secure,,false,Member,ICZAJ375,0
vemalikova,,true,secure,,false,Member,ICZAJ092,0
veRBonika,,true,secure,,false,Member,ICZAG431,0
veronika-hnizd,,true,secure,,false,Member,ICZAF863,0
veronikakracmerova,,true,secure,,false,Member,ICZA8968,0
veronikaopplova,,true,secure,,false,Member,ICZAJ676,0
VeronikaPokorna87,,true,secure,,false,Member,ICZAG945,0
Veve951,,true,secure,,false,Member,ICZA1615,0
VietTiepNguyen-bit,,true,secure,,false,Member,ICZAF940,0
viktortesterrb,,true,secure,,false,Member,ICZAJ478,0
vindyman,,true,secure,,false,Member,ICZAVIM,0
vitekdgh,,true,secure,,false,Member,ICZLVID,0
vitekmarcan,,true,secure,,false,Member,ICZAF011,0
VitousM,,true,secure,,false,Member,ICZAD173,0
vkarfilat,,true,secure,,false,Member,ICZAJ981,0
vkrizak,,true,secure,,false,Member,ICZAKRIZ,0
VladimirFiklik,,true,secure,,false,Owner,ICZA3066,0
vladimirmartinovsky,,true,insecure,,false,Owner,ICZAI342,0
vladimirvanek-rbcz,,true,secure,,false,Member,ICZA4725,0
VladimirZidek,,true,secure,,false,Member,ICZAH602,0
VladkaKla,,true,secure,,false,Member,ICZAD526,0
vladyslav-lypchei,,true,secure,,false,Member,ICZAJ913,0
Vodouch1,Jan Vodička,true,secure,,false,Member,ICZAVO8,0
vohankajir,Jiří Vohanka,true,secure,,false,Member,ICZAK331,0
vojirtomas,,true,secure,,false,Member,ICZA9312,0
vojtadub,,true,secure,,false,Member,ICZAF300,0
VojtaRB,,true,secure,,false,Member,ICZAJ570,0
vojtech-hlava,,true,secure,,false,Member,ICZAG941,0
vojtechpavluRB,,true,secure,,false,Member,ICZAI605,0
VojtechPotmesil,,true,secure,,false,Member,ICZAI963,0
VojtechRaja,,true,secure,,false,Member,ICZAK148,0
volauri,,true,secure,,false,Member,ICZAK191,0
votavap6,,true,secure,,false,Member,ICZA9601,0
vozech,,true,secure,,false,Owner,ICZAC626,0
VPaclik,,true,insecure,,false,Member,ICZA5878,0
VPavlina,,true,secure,,false,Member,ICZAA673,0
VPLRB,,true,secure,,false,Member,ICZAK266,0
vranda09,,true,secure,,false,Member,ICZAD294,0
VratislaWozniak,,true,secure,,false,Member,ICZAWOV,0
Wenca1981,,true,secure,,false,Member,ICZAF803,0
WinnerRB,,true,secure,,false,Member,ICZAJ529,0
wwwondry,,true,secure,,false,Member,ICZAB446,0
WZHARLA,,true,secure,,false,Member,ICZAK179,0
WZHIRMU,,true,insecure,,false,Owner,WZHIRMU,0
wzhmko,,true,secure,,false,Member,ICZAK209,0
WZHPDF,,true,secure,,false,Member,ICZAJ974,0
xmort07,,true,secure,,false,Member,ICZA4622,0
Yorkcz,,true,secure,,false,Member,ICZA8927,0
yvarabyou,,true,secure,,false,Member,ICZAI239,0
zdendaparb,,true,secure,,false,Member,ICZAD106,0
zdenekcernyrb,,true,secure,,false,Member,ICZAG852,0
zdenekmartinec,,true,secure,,false,Member,ICZA1710,0
ZdenekMat,,true,insecure,,false,Member,ICZAA234,0
ZdenekSlezak,,true,secure,,false,Member,ICZAK498,0
ZdenekV82,,true,insecure,,false,Member,ICZAH414,0
ZdenekVoracRb,,true,insecure,,false,Member,ICZAC483,0
ZlataKoliskova,,true,secure,,false,Member,ICZAE528,0
Zoe-Elise,,true,secure,,false,Member,ICZAG849,0
zuzanamatejovicova,,true,insecure,,false,Member,ICZAG513,0
ZuzanaP92,,true,secure,,false,Member,ICZA8355,0
ZuzanaPavelka,,true,secure,,false,Member,ICZA5106,0
ZuzkaVitkova,Zuzka Vítková,true,insecure,,false,Member,ICZAH302,0
