user_login,name,plan,editor,language,last_activity_at,premium_requests_28d,acceptance_rate,used_agent,used_chat,top_model
nfischer,Nina Fischer,Business,VS Code,go,2026-05-18T15:23:14.159Z,0,23,false,true,claude-sonnet-5
ofischer,Owen Fischer,Business,VS Code,python,2026-07-15T15:23:14.159Z,561,35,true,true,claude-opus-4.6
anovak,Aoife Novak,Enterprise,Neovim,csharp,2026-07-20T15:23:14.159Z,170,25,false,false,claude-4.5-haiku
wokafor,Wei Okafor,Business,JetBrains,java,2026-07-03T15:23:14.159Z,70,17,false,false,claude-sonnet-5
npetrov,Nina Petrov,Business,VS Code,python,2026-07-04T15:23:14.159Z,41,33,false,true,claude-opus-4.6
emeyer,Eli Meyer,Business,VS Code,go,2026-07-05T15:23:14.159Z,66,18,false,false,gpt-5.3-codex
ikaur,Ivy Kaur,Business,VS Code,go,2026-07-18T15:23:14.159Z,858,28,true,false,claude-sonnet-5
jnguyen,Jan Nguyen,Business,VS Code,python,2026-07-17T15:23:14.159Z,630,45,false,true,claude-sonnet-5
wkovacs,Wei Kovacs,Business,VS Code,csharp,2026-05-19T15:23:14.159Z,0,29,true,false,claude-opus-4.6
zkim,Zoe Kim,Business,VS Code,java,2026-07-16T15:23:14.159Z,561,20,false,true,claude-opus-4.6
ihaas,Ivy Haas,Business,,,,0,,,,
msilva,Maya Silva,Business,JetBrains,ruby,2026-06-19T15:23:14.159Z,0,37,false,false,claude-opus-4.6
dduarte,Dmitri Duarte,Business,VS Code,typescript,2026-07-03T15:23:14.159Z,74,43,true,false,claude-opus-4.6
ykovacs,Yuki Kovacs,Business,Neovim,typescript,2026-05-09T15:23:14.159Z,0,24,true,true,claude-opus-4.6
nfischer14,Nina Fischer,Business,VS Code,ruby,2026-07-21T15:23:14.159Z,771,36,false,true,claude-opus-4.6
dsantos,Dmitri Santos,Business,JetBrains,python,2026-07-19T15:23:14.159Z,874,33,false,true,claude-sonnet-5
rpetrov,Ruth Petrov,Enterprise,VS Code,typescript,2026-07-18T15:23:14.159Z,387,34,true,true,claude-opus-4.6
smoreau,Sara Moreau,Business,VS Code,python,2026-07-16T15:23:14.159Z,780,34,true,false,gpt-5.6-sol
jduarte,Jan Duarte,Business,VS Code,go,2026-07-17T15:23:14.159Z,195,45,true,true,claude-opus-4.6
iduarte,Ivy Duarte,Business,Neovim,go,2026-06-30T15:23:14.159Z,88,19,true,true,claude-sonnet-5
npetrov20,Nina Petrov,Business,VS Code,python,2026-07-15T15:23:14.159Z,228,35,true,true,claude-opus-4.6
molsen,Maya Olsen,Business,VS Code,java,2026-07-15T15:23:14.159Z,370,19,true,true,gpt-5.6-sol
pnakamura,Priya Nakamura,Enterprise,VS Code,kotlin,2026-07-21T15:23:14.159Z,705,16,true,true,gpt-5.6-sol
zolsen,Zoe Olsen,Business,VS Code,ruby,2026-06-29T15:23:14.159Z,36,27,false,true,gpt-5.6-sol
ookafor,Owen Okafor,Business,,,,0,,,,
lsantos,Liam Santos,Business,,,,0,,,,
okim,Omar Kim,Enterprise,VS Code,java,2026-07-17T15:23:14.159Z,881,45,false,true,claude-4.5-haiku
ikovacs,Ivy Kovacs,Business,VS Code,typescript,2026-07-16T15:23:14.159Z,143,37,true,true,claude-sonnet-5
nfischer28,Nina Fischer,Business,VS Code,go,2026-07-16T15:23:14.159Z,272,31,true,true,claude-sonnet-5
wnakamura,Wei Nakamura,Business,VS Code,typescript,2026-06-30T15:23:14.159Z,143,43,true,false,claude-sonnet-5
asilva,Aoife Silva,Business,JetBrains,java,2026-07-15T15:23:14.159Z,736,29,false,true,claude-opus-4.6
wduarte,Wei Duarte,Enterprise,VS Code,typescript,2026-07-20T15:23:14.159Z,420,33,true,true,claude-opus-4.6
jkim,Jan Kim,Business,Visual Studio,python,2026-06-27T15:23:14.159Z,39,31,false,true,gpt-5.3-codex
lpetrov,Liam Petrov,Enterprise,VS Code,typescript,2026-06-19T15:23:14.159Z,0,36,true,true,claude-sonnet-5
lduarte,Lena Duarte,Business,JetBrains,go,2026-07-21T15:23:14.159Z,126,39,false,true,claude-opus-4.6
ahaugen,Aoife Haugen,Business,VS Code,typescript,2026-07-03T15:23:14.159Z,133,23,false,true,gpt-5.3-codex
llarsen,Liam Larsen,Business,VS Code,python,2026-05-20T15:23:14.159Z,0,24,true,true,gpt-5.3-codex
kkaur,Kofi Kaur,Business,JetBrains,typescript,2026-07-16T15:23:14.159Z,518,31,true,false,claude-sonnet-5
lsantos38,Liam Santos,Business,VS Code,typescript,2026-07-05T15:23:14.159Z,79,37,true,true,claude-opus-4.6
onguyen,Omar Nguyen,Business,VS Code,python,2026-06-26T15:23:14.159Z,150,25,false,true,claude-sonnet-5
mmeyer,Maya Meyer,Business,VS Code,kotlin,2026-06-18T15:23:14.159Z,0,46,true,true,claude-sonnet-5
akovacs,Ana Kovacs,Business,VS Code,typescript,2026-07-13T15:23:14.159Z,35,23,false,false,gpt-5.6-sol
slarsen,Sara Larsen,Enterprise,VS Code,python,2026-07-15T15:23:14.159Z,898,32,true,true,claude-opus-4.6
jkim43,Jan Kim,Business,VS Code,ruby,2026-07-18T15:23:14.159Z,210,24,false,true,gpt-5.6-sol
jhaas,Jan Haas,Business,JetBrains,python,2026-07-10T15:23:14.159Z,106,33,true,true,claude-4.5-haiku
nnovak,Nina Novak,Business,JetBrains,typescript,2026-07-12T15:23:14.159Z,125,28,false,true,claude-sonnet-5
oweber,Omar Weber,Business,VS Code,go,2026-07-01T15:23:14.159Z,39,18,false,true,claude-4.5-haiku
ameyer,Aoife Meyer,Business,VS Code,python,2026-07-10T15:23:14.159Z,15,40,false,true,claude-opus-4.6
jsilva,Jan Silva,Business,,,,0,,,,
skim,Sara Kim,Business,VS Code,rust,2026-05-25T15:23:14.159Z,0,44,false,true,claude-sonnet-5
osantos,Omar Santos,Enterprise,VS Code,java,2026-07-17T15:23:14.159Z,233,44,true,true,claude-opus-4.6
ynguyen,Yuki Nguyen,Business,VS Code,python,2026-07-16T15:23:14.159Z,524,21,false,true,claude-4.5-haiku
anakamura,Ana Nakamura,Enterprise,VS Code,typescript,2026-07-04T15:23:14.159Z,55,33,false,true,claude-opus-4.6
ysilva,Yuki Silva,Enterprise,Neovim,java,2026-07-10T15:23:14.159Z,120,28,true,true,claude-sonnet-5
lnovak,Liam Novak,Business,VS Code,csharp,2026-07-18T15:23:14.159Z,719,43,true,false,claude-sonnet-5
ysilva55,Yuki Silva,Business,VS Code,typescript,2026-07-21T15:23:14.159Z,693,25,false,false,claude-sonnet-5
msorensen,Marc Sorensen,Business,VS Code,python,2026-07-21T15:23:14.159Z,348,28,false,true,gpt-5.6-sol
smeyer,Sara Meyer,Business,VS Code,ruby,2026-06-29T15:23:14.159Z,52,23,true,false,claude-sonnet-5
dhaas,Dmitri Haas,Business,Visual Studio,csharp,2026-07-20T15:23:14.159Z,487,17,false,false,claude-opus-4.6
dsilva,Dmitri Silva,Business,VS Code,java,2026-07-19T15:23:14.159Z,504,19,false,false,claude-4.5-haiku
lmoreau,Lena Moreau,Business,VS Code,java,2026-07-17T15:23:14.159Z,791,35,false,true,gpt-5.3-codex
shaugen,Sara Haugen,Business,JetBrains,python,2026-07-20T15:23:14.159Z,791,41,true,false,claude-sonnet-5
oweber62,Omar Weber,Business,VS Code,go,2026-07-15T15:23:14.159Z,652,26,true,true,claude-opus-4.6
pnguyen,Priya Nguyen,Business,VS Code,java,2026-07-20T15:23:14.159Z,249,39,false,false,gpt-5.6-sol
shaugen64,Sara Haugen,Business,VS Code,csharp,2026-07-18T15:23:14.159Z,576,42,false,true,gpt-5.6-sol
mfischer,Marc Fischer,Business,,,,0,,,,
lfarrell,Liam Farrell,Business,VS Code,csharp,2026-07-18T15:23:14.159Z,176,36,true,true,claude-opus-4.6
kbianchi,Kofi Bianchi,Enterprise,VS Code,typescript,2026-06-14T15:23:14.159Z,0,24,false,true,claude-opus-4.6
rhaas,Rosa Haas,Business,VS Code,typescript,2026-07-18T15:23:14.159Z,473,29,true,false,gpt-5.3-codex
ntanaka,Noah Tanaka,Business,,,,0,,,,
inguyen,Ivy Nguyen,Business,JetBrains,java,2026-07-12T15:23:14.159Z,140,25,true,true,gpt-5.3-codex
ameyer71,Aoife Meyer,Enterprise,VS Code,csharp,2026-07-15T15:23:14.159Z,202,27,true,false,claude-opus-4.6
esilva,Eli Silva,Enterprise,VS Code,typescript,2026-07-20T15:23:14.159Z,141,20,true,true,gpt-5.3-codex
epetrov,Eli Petrov,Business,,,,0,,,,
jnovak,Jan Novak,Business,VS Code,java,2026-07-11T15:23:14.159Z,77,26,false,true,claude-opus-4.6
opetrov,Owen Petrov,Business,VS Code,ruby,2026-07-01T15:23:14.159Z,26,42,false,false,claude-opus-4.6
nfischer76,Noah Fischer,Enterprise,VS Code,python,2026-07-21T15:23:14.159Z,780,45,true,true,claude-opus-4.6
osantos77,Omar Santos,Enterprise,JetBrains,ruby,2026-07-20T15:23:14.159Z,572,41,true,false,claude-opus-4.6
mkovacs,Maya Kovacs,Business,Visual Studio,go,2026-07-15T15:23:14.159Z,453,41,false,true,gpt-5.6-sol
apetrov,Aoife Petrov,Business,,,,0,,,,
smeyer80,Sara Meyer,Business,VS Code,go,2026-07-17T15:23:14.159Z,542,18,true,true,claude-opus-4.6
ifarrell,Ivy Farrell,Business,Xcode,java,2026-05-22T15:23:14.159Z,0,37,true,false,claude-sonnet-5
nkovacs,Nina Kovacs,Enterprise,VS Code,kotlin,2026-07-21T15:23:14.159Z,461,28,false,true,claude-sonnet-5
wnakamura83,Wei Nakamura,Business,Neovim,java,2026-07-21T15:23:14.159Z,770,36,false,true,gpt-5.3-codex
knakamura,Kofi Nakamura,Business,VS Code,java,2026-07-19T15:23:14.159Z,808,23,true,false,claude-opus-4.6
rmeyer,Ruth Meyer,Enterprise,VS Code,rust,2026-07-15T15:23:14.159Z,359,39,false,true,claude-sonnet-5
dhaas86,Dmitri Haas,Business,VS Code,typescript,2026-07-16T15:23:14.159Z,479,21,false,true,claude-sonnet-5
niqbal,Nina Iqbal,Business,JetBrains,csharp,2026-06-01T15:23:14.159Z,0,27,true,false,claude-sonnet-5
inakamura,Ivy Nakamura,Enterprise,JetBrains,go,2026-07-17T15:23:14.159Z,571,35,true,true,claude-sonnet-5
zkim89,Zoe Kim,Business,VS Code,go,2026-04-30T15:23:14.159Z,0,25,false,false,claude-4.5-haiku
tsorensen,Theo Sorensen,Business,Xcode,java,2026-07-20T15:23:14.159Z,329,34,false,false,gpt-5.3-codex
afischer,Aoife Fischer,Business,JetBrains,python,2026-07-17T15:23:14.159Z,559,26,true,true,gpt-5.6-sol
tkovacs,Theo Kovacs,Enterprise,VS Code,python,2026-07-06T15:23:14.159Z,97,17,false,false,gpt-5.6-sol
onguyen93,Omar Nguyen,Enterprise,Visual Studio,python,2026-07-20T15:23:14.159Z,325,20,true,true,claude-opus-4.6
obianchi,Omar Bianchi,Enterprise,JetBrains,rust,2026-07-20T15:23:14.159Z,717,33,false,true,claude-sonnet-5
lfarrell95,Liam Farrell,Enterprise,VS Code,java,2026-07-18T15:23:14.159Z,12,41,false,false,claude-sonnet-5
ksantos,Kofi Santos,Business,VS Code,go,2026-07-21T15:23:14.159Z,222,37,true,true,claude-sonnet-5
mkim,Maya Kim,Business,VS Code,typescript,2026-07-17T15:23:14.159Z,608,20,false,true,claude-opus-4.6
tweber,Tariq Weber,Business,VS Code,go,2026-07-18T15:23:14.159Z,868,17,true,true,claude-opus-4.6
kmeyer,Kofi Meyer,Business,VS Code,java,2026-07-14T15:23:14.159Z,90,25,true,true,claude-opus-4.6
rnguyen,Rosa Nguyen,Business,Neovim,python,2026-07-21T15:23:14.159Z,594,18,false,true,claude-sonnet-5
ikovacs101,Ivy Kovacs,Business,JetBrains,go,2026-07-18T15:23:14.159Z,347,24,false,false,claude-opus-4.6
lsilva,Lena Silva,Business,VS Code,java,2026-07-17T15:23:14.159Z,482,17,true,true,claude-sonnet-5
jfarrell,Jan Farrell,Business,VS Code,typescript,2026-07-21T15:23:14.159Z,450,43,false,true,gpt-5.3-codex
tlarsen,Theo Larsen,Business,VS Code,kotlin,2026-07-20T15:23:14.159Z,828,22,false,true,gpt-5.6-sol
aduarte,Ana Duarte,Enterprise,VS Code,typescript,2026-06-18T15:23:14.159Z,0,29,true,true,gpt-5.6-sol
ysantos,Yuki Santos,Enterprise,JetBrains,python,2026-07-21T15:23:14.159Z,277,30,true,false,claude-sonnet-5
atanaka,Ana Tanaka,Business,VS Code,csharp,2026-07-15T15:23:14.159Z,675,34,false,true,claude-opus-4.6
amoreau,Ana Moreau,Business,Xcode,python,2026-07-15T15:23:14.159Z,816,29,true,true,gpt-5.3-codex
emoreau,Eli Moreau,Business,VS Code,java,2026-07-21T15:23:14.159Z,691,19,true,true,claude-opus-4.6
zsantos,Zoe Santos,Business,Visual Studio,typescript,2026-07-21T15:23:14.159Z,297,32,true,true,claude-4.5-haiku
rnguyen111,Ruth Nguyen,Enterprise,VS Code,ruby,2026-07-20T15:23:14.159Z,138,40,true,false,claude-sonnet-5
lfischer,Lena Fischer,Business,VS Code,csharp,2026-07-16T15:23:14.159Z,553,32,true,true,gpt-5.3-codex
lmeyer,Lena Meyer,Business,Visual Studio,go,2026-07-17T15:23:14.159Z,657,24,false,true,gpt-5.6-sol
rlarsen,Ruth Larsen,Business,Xcode,typescript,2026-07-18T15:23:14.159Z,130,36,false,true,gpt-5.3-codex
liqbal,Lena Iqbal,Business,JetBrains,typescript,2026-07-08T15:23:14.159Z,110,23,true,true,gpt-5.3-codex
rpetrov116,Ruth Petrov,Business,VS Code,typescript,2026-07-15T15:23:14.159Z,316,22,true,true,claude-opus-4.6
oweber117,Omar Weber,Enterprise,VS Code,python,2026-07-18T15:23:14.159Z,483,25,true,true,claude-opus-4.6
ymoreau,Yuki Moreau,Business,Visual Studio,python,2026-06-18T15:23:14.159Z,0,30,false,true,gpt-5.6-sol
skaur,Sara Kaur,Business,VS Code,kotlin,2026-06-30T15:23:14.159Z,129,22,true,false,claude-opus-4.6
onovak,Omar Novak,Business,VS Code,python,2026-07-19T15:23:14.159Z,371,29,true,false,claude-opus-4.6
asilva121,Aoife Silva,Business,VS Code,csharp,2026-05-04T15:23:14.159Z,0,30,false,true,claude-opus-4.6
ssilva,Sara Silva,Business,VS Code,typescript,2026-06-30T15:23:14.159Z,137,25,true,true,claude-opus-4.6
osilva,Owen Silva,Business,VS Code,typescript,2026-06-27T15:23:14.159Z,45,18,false,true,claude-4.5-haiku
osilva124,Omar Silva,Business,JetBrains,python,2026-07-16T15:23:14.159Z,793,17,true,true,claude-sonnet-5
nmeyer,Nina Meyer,Business,VS Code,kotlin,2026-07-16T15:23:14.159Z,121,33,false,true,claude-opus-4.6
iiqbal,Ivy Iqbal,Enterprise,VS Code,typescript,2026-07-21T15:23:14.159Z,743,37,true,true,claude-sonnet-5
klarsen,Kofi Larsen,Business,,,,0,,,,
mtanaka,Maya Tanaka,Business,Neovim,csharp,2026-05-12T15:23:14.159Z,0,32,true,true,claude-sonnet-5
mkaur,Marc Kaur,Business,Visual Studio,csharp,2026-07-15T15:23:14.159Z,606,17,true,true,claude-sonnet-5
khaas,Kofi Haas,Business,VS Code,python,2026-07-13T15:23:14.159Z,26,45,false,true,claude-sonnet-5
shaas,Sara Haas,Business,JetBrains,ruby,2026-07-16T15:23:14.159Z,120,44,false,true,gpt-5.3-codex
stanaka,Sara Tanaka,Enterprise,,,,0,,,,
olarsen,Omar Larsen,Business,VS Code,typescript,2026-07-16T15:23:14.159Z,761,28,false,false,claude-opus-4.6
asantos,Aoife Santos,Enterprise,JetBrains,typescript,2026-07-16T15:23:14.159Z,525,36,false,true,claude-4.5-haiku
aokafor,Aoife Okafor,Business,JetBrains,rust,2026-07-20T15:23:14.159Z,888,25,false,true,claude-sonnet-5
jmeyer,Jan Meyer,Business,,,,0,,,,
nfischer137,Noah Fischer,Business,VS Code,go,2026-07-05T15:23:14.159Z,131,34,true,false,claude-sonnet-5
oduarte,Owen Duarte,Business,JetBrains,kotlin,2026-07-15T15:23:14.159Z,284,34,true,true,claude-4.5-haiku
ifarrell139,Ivy Farrell,Business,JetBrains,python,2026-07-21T15:23:14.159Z,638,45,true,true,gpt-5.3-codex
ihaugen,Ivy Haugen,Business,VS Code,java,2026-07-15T15:23:14.159Z,124,24,false,true,claude-opus-4.6
mkovacs141,Maya Kovacs,Business,Visual Studio,typescript,2026-07-19T15:23:14.159Z,792,45,true,false,claude-sonnet-5
nsilva,Nina Silva,Business,VS Code,java,2026-07-04T15:23:14.159Z,44,31,true,true,gpt-5.3-codex
aokafor143,Ana Okafor,Business,VS Code,go,2026-07-17T15:23:14.159Z,285,18,true,false,claude-sonnet-5
zolsen144,Zoe Olsen,Business,JetBrains,java,2026-07-21T15:23:14.159Z,436,16,true,true,claude-sonnet-5
anovak145,Aoife Novak,Business,Visual Studio,csharp,2026-07-18T15:23:14.159Z,675,38,true,false,claude-opus-4.6
nsorensen,Noah Sorensen,Enterprise,Xcode,python,2026-07-15T15:23:14.159Z,806,17,false,true,gpt-5.6-sol
tfischer,Tariq Fischer,Business,VS Code,typescript,2026-07-19T15:23:14.159Z,608,35,false,true,claude-opus-4.6
pweber,Priya Weber,Business,VS Code,rust,2026-07-19T15:23:14.159Z,308,27,true,true,claude-sonnet-5
opetrov149,Omar Petrov,Business,JetBrains,kotlin,2026-07-19T15:23:14.159Z,719,37,false,false,claude-sonnet-5
wpetrov,Wei Petrov,Business,VS Code,python,2026-07-20T15:23:14.159Z,266,18,true,true,gpt-5.3-codex
ybianchi,Yuki Bianchi,Business,Visual Studio,typescript,2026-07-15T15:23:14.159Z,541,19,true,false,claude-sonnet-5
sfarrell,Sara Farrell,Enterprise,VS Code,java,2026-05-25T15:23:14.159Z,0,22,false,false,claude-opus-4.6
smeyer153,Sara Meyer,Business,VS Code,python,2026-07-19T15:23:14.159Z,336,46,true,true,gpt-5.6-sol
yfischer,Yuki Fischer,Business,VS Code,python,2026-07-08T15:23:14.159Z,84,44,false,true,claude-4.5-haiku
phaugen,Priya Haugen,Business,VS Code,java,2026-05-14T15:23:14.159Z,0,18,true,false,claude-sonnet-5
tiqbal,Tariq Iqbal,Business,JetBrains,typescript,2026-07-19T15:23:14.159Z,833,32,true,true,claude-sonnet-5
knguyen,Kofi Nguyen,Business,VS Code,typescript,2026-06-29T15:23:14.159Z,81,35,true,true,gpt-5.3-codex
tduarte,Tariq Duarte,Business,VS Code,rust,2026-07-17T15:23:14.159Z,692,19,false,true,claude-opus-4.6
lfischer159,Liam Fischer,Enterprise,,,,0,,,,
olarsen160,Owen Larsen,Business,VS Code,python,2026-05-25T15:23:14.159Z,0,36,false,false,claude-sonnet-5
znguyen,Zoe Nguyen,Business,Xcode,typescript,2026-06-21T15:23:14.159Z,0,45,true,true,claude-opus-4.6
ohaas,Omar Haas,Enterprise,JetBrains,java,2026-07-15T15:23:14.159Z,604,27,false,true,claude-opus-4.6
riqbal,Ruth Iqbal,Business,Neovim,python,2026-07-18T15:23:14.159Z,97,35,false,true,claude-opus-4.6
tsilva,Theo Silva,Business,Visual Studio,csharp,2026-07-16T15:23:14.159Z,319,46,true,false,claude-sonnet-5
khaugen,Kofi Haugen,Business,VS Code,python,2026-07-20T15:23:14.159Z,162,43,false,true,claude-sonnet-5
wweber,Wei Weber,Business,Xcode,typescript,2026-07-18T15:23:14.159Z,576,41,false,true,gpt-5.6-sol
polsen,Priya Olsen,Business,VS Code,go,2026-07-15T15:23:14.159Z,567,22,false,true,gpt-5.6-sol
aduarte168,Aoife Duarte,Business,JetBrains,go,2026-05-22T15:23:14.159Z,0,33,true,true,gpt-5.3-codex
tkovacs169,Tariq Kovacs,Business,JetBrains,python,2026-07-03T15:23:14.159Z,68,16,true,true,gpt-5.6-sol
wkim,Wei Kim,Business,Neovim,kotlin,2026-07-18T15:23:14.159Z,550,46,true,true,gpt-5.3-codex
ofarrell,Omar Farrell,Business,JetBrains,go,2026-07-18T15:23:14.159Z,567,25,true,true,claude-opus-4.6
nkim,Nina Kim,Business,,,,0,,,,
rsilva,Rosa Silva,Business,JetBrains,ruby,2026-07-18T15:23:14.159Z,344,44,false,true,claude-4.5-haiku
sfischer,Sara Fischer,Business,JetBrains,csharp,2026-07-18T15:23:14.159Z,296,20,true,false,claude-opus-4.6
wfischer,Wei Fischer,Business,VS Code,go,2026-07-20T15:23:14.159Z,733,27,true,true,claude-opus-4.6
tpetrov,Theo Petrov,Business,VS Code,java,2026-07-19T15:23:14.159Z,587,44,false,false,claude-sonnet-5
rbianchi,Ruth Bianchi,Business,VS Code,rust,2026-07-16T15:23:14.159Z,383,24,true,true,gpt-5.3-codex
mnovak,Marc Novak,Business,VS Code,csharp,2026-07-18T15:23:14.159Z,771,33,true,true,gpt-5.6-sol
mlarsen,Marc Larsen,Business,Neovim,java,2026-07-15T15:23:14.159Z,520,37,false,true,claude-sonnet-5
zmeyer,Zoe Meyer,Business,,,,0,,,,
dkovacs,Dmitri Kovacs,Business,VS Code,typescript,2026-07-19T15:23:14.159Z,584,25,true,true,claude-sonnet-5
osantos182,Owen Santos,Business,VS Code,kotlin,2026-07-21T15:23:14.159Z,708,37,false,true,claude-opus-4.6
dmoreau,Dmitri Moreau,Business,JetBrains,rust,2026-07-21T15:23:14.159Z,210,28,true,true,claude-sonnet-5
rkovacs,Rosa Kovacs,Business,VS Code,rust,2026-07-15T15:23:14.159Z,398,25,false,false,gpt-5.6-sol
dkim,Dmitri Kim,Business,JetBrains,csharp,2026-07-05T15:23:14.159Z,81,20,true,true,gpt-5.3-codex
osorensen,Owen Sorensen,Business,VS Code,kotlin,2026-07-21T15:23:14.159Z,586,20,false,false,claude-opus-4.6
yolsen,Yuki Olsen,Business,VS Code,csharp,2026-07-18T15:23:14.159Z,725,16,false,true,claude-sonnet-5
wmeyer,Wei Meyer,Business,VS Code,rust,2026-07-15T15:23:14.159Z,882,37,false,false,claude-4.5-haiku
akim,Ana Kim,Enterprise,VS Code,kotlin,2026-07-19T15:23:14.159Z,154,30,false,false,claude-sonnet-5
atanaka190,Aoife Tanaka,Business,VS Code,ruby,2026-04-25T15:23:14.159Z,0,27,true,true,gpt-5.6-sol
yiqbal,Yuki Iqbal,Business,JetBrains,typescript,2026-07-21T15:23:14.159Z,516,18,true,true,claude-4.5-haiku
wolsen,Wei Olsen,Business,JetBrains,python,2026-06-04T15:23:14.159Z,0,22,false,true,claude-sonnet-5
mkaur193,Marc Kaur,Business,VS Code,java,2026-07-15T15:23:14.159Z,521,36,true,false,claude-4.5-haiku
osantos194,Omar Santos,Business,VS Code,kotlin,2026-07-13T15:23:14.159Z,145,37,false,true,gpt-5.3-codex
khaas195,Kofi Haas,Business,Neovim,kotlin,2026-07-17T15:23:14.159Z,474,27,false,true,claude-opus-4.6
kiqbal,Kofi Iqbal,Business,VS Code,ruby,2026-06-30T15:23:14.159Z,84,23,true,false,gpt-5.3-codex
ookafor197,Owen Okafor,Enterprise,VS Code,python,2026-07-21T15:23:14.159Z,687,35,false,true,claude-sonnet-5
efarrell,Eli Farrell,Business,,,,0,,,,
nfischer199,Noah Fischer,Enterprise,VS Code,java,2026-07-21T15:23:14.159Z,438,39,true,true,claude-sonnet-5
tmoreau,Tariq Moreau,Enterprise,VS Code,typescript,2026-06-27T15:23:14.159Z,73,30,false,true,claude-4.5-haiku
rnakamura,Ruth Nakamura,Business,VS Code,java,2026-07-18T15:23:14.159Z,169,26,true,true,gpt-5.3-codex
thaugen,Theo Haugen,Business,JetBrains,java,2026-07-20T15:23:14.159Z,424,41,true,true,claude-sonnet-5
mlarsen203,Maya Larsen,Business,VS Code,go,2026-07-16T15:23:14.159Z,168,21,true,true,claude-opus-4.6
zweber,Zoe Weber,Business,JetBrains,python,2026-07-20T15:23:14.159Z,764,42,false,false,claude-sonnet-5
mlarsen205,Marc Larsen,Business,VS Code,java,2026-07-16T15:23:14.159Z,653,43,false,true,claude-sonnet-5
wtanaka,Wei Tanaka,Business,JetBrains,python,2026-07-16T15:23:14.159Z,541,26,true,true,claude-opus-4.6
zkim207,Zoe Kim,Enterprise,Visual Studio,python,2026-07-20T15:23:14.159Z,383,25,false,false,claude-sonnet-5
osantos208,Omar Santos,Business,VS Code,python,2026-07-20T15:23:14.159Z,666,38,true,true,claude-sonnet-5
zolsen209,Zoe Olsen,Business,Visual Studio,java,2026-07-04T15:23:14.159Z,20,31,true,true,claude-sonnet-5
rolsen,Ruth Olsen,Business,VS Code,typescript,2026-07-16T15:23:14.159Z,395,41,true,true,gpt-5.6-sol
aiqbal,Aoife Iqbal,Enterprise,Visual Studio,python,2026-05-23T15:23:14.159Z,0,18,false,true,claude-4.5-haiku
lhaugen,Liam Haugen,Business,,,,0,,,,
pnguyen213,Priya Nguyen,Enterprise,,,,0,,,,
dlarsen,Dmitri Larsen,Enterprise,JetBrains,python,2026-06-07T15:23:14.159Z,0,32,false,true,claude-sonnet-5
ahaugen215,Aoife Haugen,Business,VS Code,typescript,2026-06-30T15:23:14.159Z,118,18,true,true,gpt-5.3-codex
sokafor,Sara Okafor,Business,,,,0,,,,
dfischer,Dmitri Fischer,Business,VS Code,java,2026-07-20T15:23:14.159Z,508,30,true,true,claude-sonnet-5
ptanaka,Priya Tanaka,Business,VS Code,python,2026-07-05T15:23:14.159Z,87,18,true,true,gpt-5.3-codex
rmeyer219,Ruth Meyer,Business,VS Code,csharp,2026-07-17T15:23:14.159Z,12,30,true,false,gpt-5.6-sol
asantos220,Aoife Santos,Business,VS Code,csharp,2026-07-21T15:23:14.159Z,899,40,false,true,claude-opus-4.6
llarsen221,Lena Larsen,Business,JetBrains,go,2026-07-16T15:23:14.159Z,185,37,true,true,claude-sonnet-5
jduarte222,Jan Duarte,Enterprise,VS Code,python,2026-07-16T15:23:14.159Z,839,29,true,false,gpt-5.6-sol
ytanaka,Yuki Tanaka,Business,VS Code,python,2026-07-19T15:23:14.159Z,395,30,false,true,claude-sonnet-5
shaugen224,Sara Haugen,Business,VS Code,java,2026-07-19T15:23:14.159Z,129,34,true,true,gpt-5.3-codex
iiqbal225,Ivy Iqbal,Business,,,,0,,,,
alarsen,Aoife Larsen,Business,VS Code,typescript,2026-07-01T15:23:14.159Z,147,19,false,true,claude-sonnet-5
nolsen,Noah Olsen,Enterprise,,,,0,,,,
nolsen228,Nina Olsen,Business,,,,0,,,,
nlarsen,Nina Larsen,Enterprise,JetBrains,java,2026-05-26T15:23:14.159Z,0,34,false,true,claude-opus-4.6
dnovak,Dmitri Novak,Business,,,,0,,,,
lweber,Liam Weber,Business,JetBrains,typescript,2026-07-20T15:23:14.159Z,525,28,true,true,claude-sonnet-5
ilarsen,Ivy Larsen,Business,Xcode,rust,2026-07-01T15:23:14.159Z,133,35,true,true,gpt-5.6-sol
rsantos,Ruth Santos,Business,JetBrains,typescript,2026-07-18T15:23:14.159Z,254,17,false,true,gpt-5.3-codex
lsorensen,Liam Sorensen,Business,JetBrains,typescript,2026-07-17T15:23:14.159Z,196,25,true,true,gpt-5.3-codex
wweber235,Wei Weber,Business,VS Code,python,2026-07-21T15:23:14.159Z,750,26,true,true,gpt-5.3-codex
otanaka,Owen Tanaka,Enterprise,JetBrains,go,2026-07-16T15:23:14.159Z,541,44,false,true,claude-4.5-haiku
tlarsen237,Theo Larsen,Business,Visual Studio,typescript,2026-07-16T15:23:14.159Z,711,41,true,false,gpt-5.3-codex
mhaas,Marc Haas,Business,JetBrains,python,2026-07-21T15:23:14.159Z,740,28,false,true,claude-sonnet-5
apetrov239,Ana Petrov,Business,JetBrains,ruby,2026-07-17T15:23:14.159Z,373,46,false,true,gpt-5.3-codex
plarsen,Priya Larsen,Business,JetBrains,go,2026-07-18T15:23:14.159Z,894,26,false,true,gpt-5.6-sol
tfischer241,Theo Fischer,Business,VS Code,typescript,2026-07-20T15:23:14.159Z,452,34,true,false,gpt-5.6-sol
jsilva242,Jan Silva,Business,JetBrains,typescript,2026-07-15T15:23:14.159Z,613,16,false,false,gpt-5.6-sol
ofarrell243,Omar Farrell,Business,VS Code,python,2026-07-15T15:23:14.159Z,295,26,true,true,claude-sonnet-5
yokafor,Yuki Okafor,Business,VS Code,java,2026-07-18T15:23:14.159Z,538,33,true,true,claude-4.5-haiku
nolsen245,Nina Olsen,Enterprise,VS Code,typescript,2026-07-18T15:23:14.159Z,42,17,false,false,claude-sonnet-5
rkim,Ruth Kim,Business,Visual Studio,typescript,2026-07-20T15:23:14.159Z,427,28,true,true,claude-4.5-haiku
rnakamura247,Rosa Nakamura,Business,VS Code,python,2026-07-18T15:23:14.159Z,644,37,true,true,gpt-5.3-codex
kkaur248,Kofi Kaur,Enterprise,VS Code,java,2026-05-20T15:23:14.159Z,0,35,false,false,claude-opus-4.6
zhaugen,Zoe Haugen,Business,VS Code,java,2026-07-16T15:23:14.159Z,147,24,false,true,claude-opus-4.6
jhaugen,Jan Haugen,Business,Visual Studio,csharp,2026-07-19T15:23:14.159Z,322,45,true,true,claude-opus-4.6
tfarrell,Tariq Farrell,Business,VS Code,typescript,2026-07-16T15:23:14.159Z,887,36,false,true,claude-sonnet-5
lsorensen252,Lena Sorensen,Business,JetBrains,kotlin,2026-07-15T15:23:14.159Z,170,28,false,true,claude-sonnet-5
wsantos,Wei Santos,Business,VS Code,typescript,2026-07-20T15:23:14.159Z,837,25,false,true,claude-opus-4.6
lnakamura,Liam Nakamura,Business,VS Code,python,2026-07-15T15:23:14.159Z,710,19,true,false,claude-opus-4.6
mfarrell,Marc Farrell,Business,VS Code,java,2026-07-18T15:23:14.159Z,619,31,false,true,claude-sonnet-5
asilva256,Aoife Silva,Business,Visual Studio,csharp,2026-07-09T15:23:14.159Z,137,43,true,false,gpt-5.3-codex
rduarte,Rosa Duarte,Business,JetBrains,python,2026-07-09T15:23:14.159Z,128,19,true,true,claude-opus-4.6
lmeyer258,Liam Meyer,Business,Neovim,python,2026-07-21T15:23:14.159Z,862,38,false,true,claude-sonnet-5
lhaugen259,Lena Haugen,Enterprise,JetBrains,python,2026-07-19T15:23:14.159Z,562,23,true,true,claude-opus-4.6
ykovacs260,Yuki Kovacs,Business,VS Code,ruby,2026-07-18T15:23:14.159Z,868,29,true,true,gpt-5.3-codex
ksantos261,Kofi Santos,Enterprise,Neovim,kotlin,2026-05-07T15:23:14.159Z,0,44,false,false,claude-sonnet-5
rolsen262,Ruth Olsen,Business,VS Code,typescript,2026-06-02T15:23:14.159Z,0,30,false,true,claude-sonnet-5
ipetrov,Ivy Petrov,Business,VS Code,typescript,2026-07-18T15:23:14.159Z,125,24,false,false,claude-opus-4.6
zhaugen264,Zoe Haugen,Business,JetBrains,python,2026-07-17T15:23:14.159Z,441,33,false,true,claude-sonnet-5
lnguyen,Lena Nguyen,Business,,,,0,,,,
rkim266,Rosa Kim,Business,Neovim,go,2026-07-20T15:23:14.159Z,245,19,false,true,claude-opus-4.6
rbianchi267,Ruth Bianchi,Business,VS Code,kotlin,2026-07-17T15:23:14.159Z,137,40,false,true,claude-opus-4.6
oweber268,Owen Weber,Business,VS Code,csharp,2026-07-15T15:23:14.159Z,484,37,false,false,claude-sonnet-5
wmoreau,Wei Moreau,Enterprise,JetBrains,python,2026-07-19T15:23:14.159Z,616,20,false,false,claude-sonnet-5
pmeyer,Priya Meyer,Business,JetBrains,csharp,2026-07-18T15:23:14.159Z,245,30,true,false,claude-opus-4.6
afischer271,Ana Fischer,Business,VS Code,go,2026-07-17T15:23:14.159Z,359,20,true,true,gpt-5.6-sol
jolsen,Jan Olsen,Business,VS Code,typescript,2026-07-19T15:23:14.159Z,600,20,false,true,claude-4.5-haiku
osantos273,Omar Santos,Business,JetBrains,csharp,2026-07-17T15:23:14.159Z,151,27,false,false,claude-sonnet-5
otanaka274,Omar Tanaka,Business,Xcode,java,2026-05-15T15:23:14.159Z,0,34,true,true,claude-opus-4.6
rfischer,Ruth Fischer,Business,Xcode,typescript,2026-07-17T15:23:14.159Z,263,30,false,false,claude-opus-4.6
ekim,Eli Kim,Business,,,,0,,,,
nkaur,Noah Kaur,Business,Visual Studio,python,2026-07-02T15:23:14.159Z,56,21,false,true,claude-sonnet-5
ntanaka278,Noah Tanaka,Business,,,,0,,,,
pbianchi,Priya Bianchi,Business,VS Code,typescript,2026-06-08T15:23:14.159Z,0,42,true,false,claude-sonnet-5
ahaugen280,Aoife Haugen,Business,VS Code,go,2026-05-24T15:23:14.159Z,0,31,true,false,claude-opus-4.6
nbianchi,Noah Bianchi,Enterprise,VS Code,go,2026-07-15T15:23:14.159Z,678,36,false,true,gpt-5.3-codex
tkim,Theo Kim,Business,VS Code,python,2026-06-13T15:23:14.159Z,0,24,false,true,claude-4.5-haiku
yiqbal283,Yuki Iqbal,Business,VS Code,python,2026-07-19T15:23:14.159Z,193,44,false,false,claude-opus-4.6
lnovak284,Liam Novak,Business,JetBrains,csharp,2026-07-16T15:23:14.159Z,763,32,true,true,gpt-5.3-codex
ahaugen285,Ana Haugen,Enterprise,VS Code,java,2026-07-16T15:23:14.159Z,774,43,false,false,claude-4.5-haiku
mkaur286,Maya Kaur,Business,JetBrains,python,2026-07-18T15:23:14.159Z,499,42,true,true,claude-opus-4.6
kfarrell,Kofi Farrell,Business,,,,0,,,,
onguyen288,Omar Nguyen,Business,JetBrains,python,2026-06-11T15:23:14.159Z,0,34,true,true,gpt-5.3-codex
esilva289,Eli Silva,Business,VS Code,python,2026-07-21T15:23:14.159Z,886,32,false,true,gpt-5.3-codex
klarsen290,Kofi Larsen,Business,Neovim,typescript,2026-07-20T15:23:14.159Z,830,30,true,true,claude-4.5-haiku
molsen291,Marc Olsen,Business,VS Code,python,2026-07-20T15:23:14.159Z,233,23,true,true,claude-sonnet-5
psantos,Priya Santos,Business,VS Code,python,2026-05-04T15:23:14.159Z,0,29,true,true,claude-4.5-haiku
amoreau293,Aoife Moreau,Business,JetBrains,csharp,2026-05-28T15:23:14.159Z,0,40,false,true,gpt-5.6-sol
khaugen294,Kofi Haugen,Business,Xcode,python,2026-07-15T15:23:14.159Z,446,30,true,true,claude-sonnet-5
tokafor,Theo Okafor,Business,,,,0,,,,
kkim,Kofi Kim,Business,,,,0,,,,
msorensen297,Maya Sorensen,Business,JetBrains,python,2026-07-18T15:23:14.159Z,156,37,true,false,claude-sonnet-5
dkaur,Dmitri Kaur,Business,Visual Studio,typescript,2026-06-28T15:23:14.159Z,38,45,true,true,claude-sonnet-5
yhaugen,Yuki Haugen,Business,JetBrains,csharp,2026-07-05T15:23:14.159Z,73,38,true,false,claude-4.5-haiku
zlarsen,Zoe Larsen,Enterprise,VS Code,typescript,2026-07-15T15:23:14.159Z,191,37,false,true,claude-sonnet-5
omoreau,Omar Moreau,Business,VS Code,typescript,2026-05-20T15:23:14.159Z,0,20,false,true,gpt-5.3-codex
smoreau302,Sara Moreau,Business,Xcode,typescript,2026-07-02T15:23:14.159Z,139,20,true,true,claude-sonnet-5
ihaas303,Ivy Haas,Enterprise,Neovim,kotlin,2026-07-13T15:23:14.159Z,59,32,true,true,claude-opus-4.6
lsorensen304,Liam Sorensen,Business,VS Code,java,2026-07-21T15:23:14.159Z,422,25,true,true,claude-opus-4.6
ikovacs305,Ivy Kovacs,Business,VS Code,typescript,2026-07-19T15:23:14.159Z,679,19,false,false,claude-sonnet-5
yhaugen306,Yuki Haugen,Enterprise,JetBrains,typescript,2026-07-19T15:23:14.159Z,227,43,false,true,gpt-5.3-codex
zlarsen307,Zoe Larsen,Business,Xcode,typescript,2026-07-16T15:23:14.159Z,467,18,false,true,claude-sonnet-5
yhaugen308,Yuki Haugen,Business,,,,0,,,,
ohaugen,Owen Haugen,Business,JetBrains,typescript,2026-06-30T15:23:14.159Z,106,27,false,false,claude-4.5-haiku
lweber310,Liam Weber,Business,,,,0,,,,
skaur311,Sara Kaur,Business,VS Code,rust,2026-07-08T15:23:14.159Z,22,42,false,true,gpt-5.3-codex
tkovacs312,Theo Kovacs,Business,VS Code,typescript,2026-06-28T15:23:14.159Z,130,39,false,false,claude-opus-4.6
liqbal313,Liam Iqbal,Business,,,,0,,,,
jpetrov,Jan Petrov,Business,VS Code,python,2026-06-08T15:23:14.159Z,0,32,false,false,claude-4.5-haiku
ahaugen315,Aoife Haugen,Enterprise,JetBrains,typescript,2026-07-21T15:23:14.159Z,588,42,false,false,claude-opus-4.6
ltanaka,Liam Tanaka,Business,Visual Studio,python,2026-07-20T15:23:14.159Z,731,44,false,false,claude-sonnet-5
mnovak317,Maya Novak,Business,VS Code,typescript,2026-07-20T15:23:14.159Z,142,38,false,false,claude-sonnet-5
spetrov,Sara Petrov,Business,JetBrains,go,2026-07-18T15:23:14.159Z,830,24,true,false,claude-opus-4.6
rnakamura319,Rosa Nakamura,Business,VS Code,typescript,2026-07-15T15:23:14.159Z,658,27,true,false,gpt-5.3-codex
atanaka320,Ana Tanaka,Business,VS Code,kotlin,2026-07-16T15:23:14.159Z,843,37,true,true,gpt-5.6-sol
ltanaka321,Liam Tanaka,Business,,,,0,,,,
rnakamura322,Rosa Nakamura,Business,Xcode,go,2026-07-15T15:23:14.159Z,814,33,true,true,gpt-5.3-codex
okaur,Omar Kaur,Business,JetBrains,python,2026-07-14T15:23:14.159Z,81,29,true,true,claude-sonnet-5
nmeyer324,Noah Meyer,Business,JetBrains,java,2026-07-15T15:23:14.159Z,365,19,true,true,claude-opus-4.6
dhaugen,Dmitri Haugen,Business,VS Code,go,2026-06-11T15:23:14.159Z,0,18,true,true,claude-sonnet-5
jsorensen,Jan Sorensen,Business,JetBrains,go,2026-06-21T15:23:14.159Z,0,23,true,false,claude-opus-4.6
lmoreau327,Lena Moreau,Enterprise,JetBrains,typescript,2026-07-18T15:23:14.159Z,135,16,true,true,claude-sonnet-5
anakamura328,Ana Nakamura,Enterprise,VS Code,typescript,2026-05-16T15:23:14.159Z,0,31,true,true,claude-opus-4.6
jsilva329,Jan Silva,Business,JetBrains,java,2026-04-25T15:23:14.159Z,0,28,false,true,gpt-5.6-sol
oweber330,Omar Weber,Business,VS Code,kotlin,2026-07-15T15:23:14.159Z,228,30,true,false,claude-opus-4.6
dhaas331,Dmitri Haas,Business,JetBrains,python,2026-07-06T15:23:14.159Z,85,30,true,true,gpt-5.3-codex
afischer332,Ana Fischer,Business,Visual Studio,typescript,2026-05-04T15:23:14.159Z,0,42,true,false,gpt-5.6-sol
ybianchi333,Yuki Bianchi,Enterprise,Visual Studio,typescript,2026-07-15T15:23:14.159Z,63,40,false,true,claude-sonnet-5
akovacs334,Aoife Kovacs,Business,VS Code,typescript,2026-06-28T15:23:14.159Z,64,36,true,false,claude-sonnet-5
ykim,Yuki Kim,Business,VS Code,python,2026-07-19T15:23:14.159Z,232,21,false,false,claude-opus-4.6
msorensen336,Marc Sorensen,Business,VS Code,ruby,2026-07-16T15:23:14.159Z,150,29,true,true,claude-opus-4.6
ofischer337,Omar Fischer,Business,VS Code,typescript,2026-05-10T15:23:14.159Z,0,22,false,true,claude-4.5-haiku
jtanaka,Jan Tanaka,Business,JetBrains,java,2026-07-12T15:23:14.159Z,72,17,true,false,claude-sonnet-5
liqbal339,Lena Iqbal,Business,VS Code,java,2026-07-17T15:23:14.159Z,229,30,false,true,claude-opus-4.6
nnovak340,Noah Novak,Business,VS Code,typescript,2026-07-18T15:23:14.159Z,605,24,true,true,gpt-5.3-codex
rsantos341,Ruth Santos,Business,Xcode,java,2026-06-04T15:23:14.159Z,0,41,false,true,gpt-5.3-codex
piqbal,Priya Iqbal,Business,VS Code,python,2026-07-18T15:23:14.159Z,862,41,false,false,gpt-5.3-codex
psorensen,Priya Sorensen,Enterprise,VS Code,typescript,2026-07-01T15:23:14.159Z,58,39,true,false,claude-sonnet-5
wbianchi,Wei Bianchi,Business,VS Code,java,2026-07-18T15:23:14.159Z,694,38,false,true,claude-opus-4.6
llarsen345,Lena Larsen,Business,VS Code,python,2026-04-29T15:23:14.159Z,0,30,false,false,claude-sonnet-5
oiqbal,Owen Iqbal,Enterprise,JetBrains,go,2026-07-20T15:23:14.159Z,652,39,false,true,claude-opus-4.6
lweber347,Liam Weber,Business,VS Code,kotlin,2026-07-21T15:23:14.159Z,204,41,false,true,claude-sonnet-5
okaur348,Owen Kaur,Enterprise,Xcode,typescript,2026-07-08T15:23:14.159Z,59,28,true,true,claude-opus-4.6
isorensen,Ivy Sorensen,Business,JetBrains,java,2026-07-20T15:23:14.159Z,217,38,true,true,gpt-5.3-codex
ysilva350,Yuki Silva,Enterprise,,,,0,,,,
rlarsen351,Ruth Larsen,Business,JetBrains,csharp,2026-06-13T15:23:14.159Z,0,19,true,false,gpt-5.6-sol
ameyer352,Aoife Meyer,Business,Neovim,csharp,2026-07-19T15:23:14.159Z,792,22,true,true,claude-sonnet-5
zlarsen353,Zoe Larsen,Enterprise,Neovim,csharp,2026-07-21T15:23:14.159Z,476,40,true,false,claude-opus-4.6
zkim354,Zoe Kim,Enterprise,VS Code,go,2026-07-18T15:23:14.159Z,395,37,true,true,claude-sonnet-5
alarsen355,Aoife Larsen,Business,VS Code,typescript,2026-07-19T15:23:14.159Z,582,34,true,true,claude-sonnet-5
aduarte356,Ana Duarte,Business,VS Code,java,2026-07-21T15:23:14.159Z,787,21,false,true,claude-opus-4.6
afarrell,Ana Farrell,Business,VS Code,python,2026-06-26T15:23:14.159Z,76,23,true,false,gpt-5.3-codex
yiqbal358,Yuki Iqbal,Business,VS Code,typescript,2026-07-20T15:23:14.159Z,382,43,true,true,claude-sonnet-5
esorensen,Eli Sorensen,Business,VS Code,typescript,2026-07-07T15:23:14.159Z,97,23,false,false,claude-sonnet-5
ohaas360,Owen Haas,Business,JetBrains,typescript,2026-07-17T15:23:14.159Z,64,34,true,true,gpt-5.3-codex
nbianchi361,Noah Bianchi,Business,JetBrains,typescript,2026-07-19T15:23:14.159Z,371,33,true,true,gpt-5.6-sol
rkim362,Ruth Kim,Business,JetBrains,ruby,2026-07-20T15:23:14.159Z,319,21,true,true,claude-sonnet-5
esilva363,Eli Silva,Business,Neovim,python,2026-07-18T15:23:14.159Z,324,38,false,true,claude-sonnet-5
tpetrov364,Tariq Petrov,Business,VS Code,python,2026-06-14T15:23:14.159Z,0,24,false,true,claude-sonnet-5
sfischer365,Sara Fischer,Business,VS Code,python,2026-07-16T15:23:14.159Z,693,22,false,true,gpt-5.3-codex
llarsen366,Liam Larsen,Business,VS Code,java,2026-07-19T15:23:14.159Z,145,32,false,true,gpt-5.3-codex
zokafor,Zoe Okafor,Business,JetBrains,csharp,2026-07-21T15:23:14.159Z,892,28,false,true,claude-4.5-haiku
alarsen368,Ana Larsen,Business,Neovim,typescript,2026-06-08T15:23:14.159Z,0,44,true,true,claude-sonnet-5
ysantos369,Yuki Santos,Business,VS Code,typescript,2026-07-01T15:23:14.159Z,28,16,true,true,claude-sonnet-5
inguyen370,Ivy Nguyen,Business,,,,0,,,,
zweber371,Zoe Weber,Business,JetBrains,kotlin,2026-07-03T15:23:14.159Z,83,35,true,false,claude-4.5-haiku
diqbal,Dmitri Iqbal,Enterprise,VS Code,typescript,2026-07-21T15:23:14.159Z,456,36,true,true,claude-sonnet-5
snguyen,Sara Nguyen,Business,,,,0,,,,
rnovak,Ruth Novak,Business,VS Code,ruby,2026-07-20T15:23:14.159Z,424,33,true,true,claude-4.5-haiku
mfarrell375,Maya Farrell,Business,JetBrains,typescript,2026-07-21T15:23:14.159Z,657,44,true,true,claude-sonnet-5
snakamura,Sara Nakamura,Business,Visual Studio,python,2026-07-19T15:23:14.159Z,257,41,false,true,claude-sonnet-5
isantos,Ivy Santos,Business,VS Code,python,2026-07-18T15:23:14.159Z,391,28,false,false,claude-opus-4.6
tkovacs378,Tariq Kovacs,Business,VS Code,java,2026-07-10T15:23:14.159Z,73,32,true,true,claude-opus-4.6
tpetrov379,Tariq Petrov,Business,JetBrains,typescript,2026-06-30T15:23:14.159Z,24,41,true,true,claude-sonnet-5
opetrov380,Omar Petrov,Business,VS Code,ruby,2026-07-19T15:23:14.159Z,402,30,false,true,claude-sonnet-5
emoreau381,Eli Moreau,Business,JetBrains,typescript,2026-07-19T15:23:14.159Z,426,20,false,true,claude-sonnet-5
esantos,Eli Santos,Business,JetBrains,csharp,2026-07-06T15:23:14.159Z,84,41,false,true,claude-opus-4.6
ssantos,Sara Santos,Enterprise,JetBrains,java,2026-07-21T15:23:14.159Z,832,42,false,true,gpt-5.6-sol
znguyen384,Zoe Nguyen,Business,JetBrains,go,2026-07-19T15:23:14.159Z,573,36,true,false,claude-sonnet-5
tmeyer,Theo Meyer,Business,JetBrains,python,2026-06-29T15:23:14.159Z,23,38,false,true,claude-sonnet-5
niqbal386,Nina Iqbal,Business,VS Code,csharp,2026-07-14T15:23:14.159Z,98,29,true,true,gpt-5.3-codex
iokafor,Ivy Okafor,Business,VS Code,csharp,2026-05-14T15:23:14.159Z,0,34,true,true,claude-sonnet-5
epetrov388,Eli Petrov,Business,VS Code,ruby,2026-07-21T15:23:14.159Z,316,39,true,true,claude-4.5-haiku
lhaas,Liam Haas,Business,JetBrains,csharp,2026-07-18T15:23:14.159Z,388,42,true,true,gpt-5.6-sol
nnakamura,Noah Nakamura,Business,VS Code,csharp,2026-07-20T15:23:14.159Z,889,35,true,true,claude-sonnet-5
tkim391,Tariq Kim,Business,VS Code,go,2026-07-20T15:23:14.159Z,385,32,false,true,claude-opus-4.6
kolsen,Kofi Olsen,Business,JetBrains,typescript,2026-06-02T15:23:14.159Z,0,46,false,true,claude-sonnet-5
miqbal,Maya Iqbal,Business,VS Code,python,2026-07-21T15:23:14.159Z,444,37,false,false,claude-4.5-haiku
tiqbal394,Tariq Iqbal,Enterprise,,,,0,,,,
lfischer395,Liam Fischer,Business,VS Code,csharp,2026-07-15T15:23:14.159Z,365,38,true,true,claude-sonnet-5
esilva396,Eli Silva,Business,VS Code,java,2026-07-04T15:23:14.159Z,56,28,true,false,claude-sonnet-5
oolsen,Owen Olsen,Business,VS Code,go,2026-07-18T15:23:14.159Z,403,45,false,true,gpt-5.6-sol
skovacs,Sara Kovacs,Business,JetBrains,typescript,2026-07-16T15:23:14.159Z,529,41,true,true,claude-sonnet-5
nweber,Noah Weber,Enterprise,VS Code,csharp,2026-07-16T15:23:14.159Z,585,23,true,true,gpt-5.3-codex
lsantos400,Lena Santos,Business,Visual Studio,python,2026-07-19T15:23:14.159Z,223,41,true,true,claude-opus-4.6
lmeyer401,Liam Meyer,Business,JetBrains,csharp,2026-07-18T15:23:14.159Z,401,43,false,false,claude-opus-4.6
oduarte402,Owen Duarte,Business,Visual Studio,typescript,2026-07-19T15:23:14.159Z,343,38,false,true,gpt-5.6-sol
wsilva,Wei Silva,Business,,,,0,,,,
tfischer404,Tariq Fischer,Business,JetBrains,java,2026-07-18T15:23:14.159Z,123,43,false,true,claude-sonnet-5
pfischer,Priya Fischer,Enterprise,VS Code,java,2026-07-16T15:23:14.159Z,328,21,true,true,claude-4.5-haiku
dfischer406,Dmitri Fischer,Enterprise,VS Code,kotlin,2026-07-18T15:23:14.159Z,873,30,false,false,claude-sonnet-5
oweber407,Omar Weber,Business,,,,0,,,,
nolsen408,Nina Olsen,Business,VS Code,go,2026-07-19T15:23:14.159Z,815,22,true,false,claude-sonnet-5
abianchi,Ana Bianchi,Enterprise,VS Code,java,2026-07-17T15:23:14.159Z,194,20,false,false,claude-opus-4.6
afischer410,Aoife Fischer,Business,VS Code,rust,2026-07-20T15:23:14.159Z,660,36,true,false,claude-sonnet-5
molsen411,Maya Olsen,Enterprise,Xcode,csharp,2026-05-03T15:23:14.159Z,0,28,true,false,gpt-5.6-sol
mweber,Marc Weber,Enterprise,VS Code,rust,2026-07-10T15:23:14.159Z,149,23,true,false,claude-opus-4.6
isorensen413,Ivy Sorensen,Enterprise,Visual Studio,kotlin,2026-07-18T15:23:14.159Z,759,17,true,true,claude-sonnet-5
kweber,Kofi Weber,Enterprise,VS Code,typescript,2026-07-19T15:23:14.159Z,622,33,false,true,claude-sonnet-5
mfischer415,Marc Fischer,Business,VS Code,typescript,2026-07-15T15:23:14.159Z,695,24,true,false,claude-sonnet-5
oolsen416,Owen Olsen,Enterprise,VS Code,ruby,2026-07-19T15:23:14.159Z,415,21,false,true,claude-opus-4.6
pbianchi417,Priya Bianchi,Enterprise,Neovim,typescript,2026-07-16T15:23:14.159Z,610,31,false,true,claude-opus-4.6
wnovak,Wei Novak,Business,VS Code,typescript,2026-07-18T15:23:14.159Z,452,40,false,true,claude-sonnet-5
kkaur419,Kofi Kaur,Business,VS Code,typescript,2026-06-29T15:23:14.159Z,56,29,false,false,claude-opus-4.6
pkovacs,Priya Kovacs,Enterprise,VS Code,typescript,2026-04-28T15:23:14.159Z,0,16,true,true,claude-sonnet-5
aduarte421,Ana Duarte,Business,Xcode,rust,2026-07-17T15:23:14.159Z,431,42,false,true,claude-4.5-haiku
riqbal422,Ruth Iqbal,Enterprise,VS Code,python,2026-05-03T15:23:14.159Z,0,39,false,false,claude-opus-4.6
iokafor423,Ivy Okafor,Business,VS Code,rust,2026-07-16T15:23:14.159Z,395,44,true,true,gpt-5.3-codex
wnguyen,Wei Nguyen,Business,VS Code,csharp,2026-07-07T15:23:14.159Z,119,33,true,true,claude-opus-4.6
olarsen425,Omar Larsen,Enterprise,Visual Studio,typescript,2026-07-17T15:23:14.159Z,140,31,true,true,gpt-5.6-sol
isilva,Ivy Silva,Business,VS Code,typescript,2026-06-27T15:23:14.159Z,43,20,false,false,claude-sonnet-5
ahaas,Ana Haas,Business,VS Code,go,2026-06-26T15:23:14.159Z,141,38,false,true,claude-sonnet-5
ebianchi,Eli Bianchi,Business,Neovim,typescript,2026-07-19T15:23:14.159Z,195,45,true,true,gpt-5.3-codex
rduarte429,Rosa Duarte,Business,VS Code,java,2026-06-13T15:23:14.159Z,0,39,true,true,claude-sonnet-5
okaur430,Owen Kaur,Enterprise,VS Code,typescript,2026-07-16T15:23:14.159Z,181,23,true,true,claude-4.5-haiku
rfischer431,Ruth Fischer,Business,VS Code,csharp,2026-07-20T15:23:14.159Z,302,31,true,false,claude-sonnet-5
wmoreau432,Wei Moreau,Enterprise,VS Code,kotlin,2026-04-27T15:23:14.159Z,0,42,false,true,claude-sonnet-5
rfarrell,Rosa Farrell,Enterprise,VS Code,go,2026-07-01T15:23:14.159Z,116,36,false,false,claude-opus-4.6
ahaugen434,Aoife Haugen,Business,VS Code,ruby,2026-06-16T15:23:14.159Z,0,26,false,true,claude-sonnet-5
tfischer435,Theo Fischer,Enterprise,VS Code,typescript,2026-06-28T15:23:14.159Z,95,33,false,false,claude-opus-4.6
tfarrell436,Theo Farrell,Business,JetBrains,kotlin,2026-07-17T15:23:14.159Z,847,32,true,false,claude-sonnet-5
nmeyer437,Nina Meyer,Business,,,,0,,,,
rtanaka,Rosa Tanaka,Business,VS Code,python,2026-07-19T15:23:14.159Z,578,37,false,true,claude-opus-4.6
ipetrov439,Ivy Petrov,Business,VS Code,python,2026-07-10T15:23:14.159Z,54,26,true,true,gpt-5.3-codex
dduarte440,Dmitri Duarte,Business,VS Code,typescript,2026-07-20T15:23:14.159Z,387,35,true,true,claude-4.5-haiku
lfischer441,Liam Fischer,Business,VS Code,csharp,2026-07-17T15:23:14.159Z,507,25,true,true,claude-opus-4.6
mmoreau,Maya Moreau,Enterprise,Xcode,typescript,2026-06-30T15:23:14.159Z,81,44,true,false,claude-sonnet-5
smeyer443,Sara Meyer,Business,VS Code,typescript,2026-07-16T15:23:14.159Z,596,30,true,true,claude-4.5-haiku
wiqbal,Wei Iqbal,Business,VS Code,go,2026-06-19T15:23:14.159Z,0,37,false,true,claude-sonnet-5
asantos445,Ana Santos,Business,Neovim,typescript,2026-07-18T15:23:14.159Z,826,41,false,true,claude-sonnet-5
npetrov446,Nina Petrov,Business,VS Code,java,2026-04-27T15:23:14.159Z,0,42,true,true,claude-sonnet-5
mokafor,Marc Okafor,Business,VS Code,csharp,2026-07-17T15:23:14.159Z,767,27,true,true,claude-4.5-haiku
lmoreau448,Lena Moreau,Business,Visual Studio,csharp,2026-05-29T15:23:14.159Z,0,43,true,false,claude-sonnet-5
tmoreau449,Theo Moreau,Business,Neovim,kotlin,2026-07-19T15:23:14.159Z,420,24,true,true,claude-opus-4.6
dnguyen,Dmitri Nguyen,Enterprise,Xcode,typescript,2026-07-09T15:23:14.159Z,116,36,true,true,claude-sonnet-5
mmeyer451,Marc Meyer,Business,Neovim,csharp,2026-07-21T15:23:14.159Z,765,21,true,false,claude-4.5-haiku
lnovak452,Lena Novak,Business,Xcode,rust,2026-07-15T15:23:14.159Z,540,39,true,true,claude-sonnet-5
jfischer,Jan Fischer,Business,VS Code,csharp,2026-07-06T15:23:14.159Z,66,33,false,true,gpt-5.3-codex
lsilva454,Lena Silva,Business,VS Code,java,2026-07-07T15:23:14.159Z,96,30,true,false,gpt-5.6-sol
lhaas455,Liam Haas,Business,JetBrains,kotlin,2026-07-19T15:23:14.159Z,643,21,false,true,claude-opus-4.6
mhaas456,Marc Haas,Business,JetBrains,java,2026-07-18T15:23:14.159Z,489,44,true,true,claude-opus-4.6
mfischer457,Maya Fischer,Business,VS Code,python,2026-07-17T15:23:14.159Z,853,39,false,true,claude-opus-4.6
ilarsen458,Ivy Larsen,Business,JetBrains,typescript,2026-07-14T15:23:14.159Z,25,40,false,true,claude-opus-4.6
inguyen459,Ivy Nguyen,Business,VS Code,java,2026-06-27T15:23:14.159Z,116,40,false,true,gpt-5.3-codex
wolsen460,Wei Olsen,Business,JetBrains,python,2026-07-17T15:23:14.159Z,754,31,true,true,claude-opus-4.6
wduarte461,Wei Duarte,Business,JetBrains,go,2026-07-16T15:23:14.159Z,136,28,false,true,claude-opus-4.6
nmoreau,Nina Moreau,Business,Visual Studio,typescript,2026-07-17T15:23:14.159Z,641,30,true,false,claude-sonnet-5
khaas463,Kofi Haas,Enterprise,,,,0,,,,
mnakamura,Maya Nakamura,Business,VS Code,typescript,2026-07-18T15:23:14.159Z,429,23,false,false,claude-sonnet-5
ybianchi465,Yuki Bianchi,Business,VS Code,java,2026-07-18T15:23:14.159Z,572,38,true,false,gpt-5.3-codex
tmoreau466,Tariq Moreau,Enterprise,Xcode,java,2026-07-21T15:23:14.159Z,857,20,false,false,claude-4.5-haiku
yhaas,Yuki Haas,Business,,,,0,,,,
afarrell468,Aoife Farrell,Business,VS Code,typescript,2026-05-27T15:23:14.159Z,0,17,false,false,claude-opus-4.6
nweber469,Noah Weber,Business,Visual Studio,rust,2026-07-15T15:23:14.159Z,264,28,true,true,claude-opus-4.6
dfarrell,Dmitri Farrell,Business,VS Code,ruby,2026-07-08T15:23:14.159Z,146,42,true,false,claude-sonnet-5
dokafor,Dmitri Okafor,Business,VS Code,csharp,2026-07-21T15:23:14.159Z,335,29,false,true,claude-sonnet-5
lfischer472,Liam Fischer,Enterprise,VS Code,typescript,2026-07-21T15:23:14.159Z,667,38,true,false,gpt-5.6-sol
rnguyen473,Rosa Nguyen,Enterprise,JetBrains,typescript,2026-07-21T15:23:14.159Z,836,46,false,true,claude-sonnet-5
pweber474,Priya Weber,Business,VS Code,go,2026-07-19T15:23:14.159Z,358,35,true,true,claude-sonnet-5
olarsen475,Omar Larsen,Enterprise,Xcode,typescript,2026-07-21T15:23:14.159Z,198,29,false,true,claude-sonnet-5
nnakamura476,Nina Nakamura,Business,JetBrains,python,2026-07-15T15:23:14.159Z,140,21,true,true,claude-sonnet-5
jpetrov477,Jan Petrov,Business,JetBrains,kotlin,2026-07-18T15:23:14.159Z,467,35,true,true,claude-sonnet-5
nhaas,Nina Haas,Enterprise,Neovim,python,2026-07-21T15:23:14.159Z,618,46,true,false,claude-sonnet-5
kduarte,Kofi Duarte,Business,VS Code,python,2026-07-16T15:23:14.159Z,813,29,false,true,claude-opus-4.6
pkaur,Priya Kaur,Enterprise,Xcode,csharp,2026-07-16T15:23:14.159Z,849,25,false,false,claude-opus-4.6
kduarte481,Kofi Duarte,Business,Visual Studio,python,2026-05-17T15:23:14.159Z,0,19,false,true,claude-sonnet-5
kfischer,Kofi Fischer,Business,JetBrains,ruby,2026-07-19T15:23:14.159Z,205,20,false,false,claude-sonnet-5
rsorensen,Rosa Sorensen,Enterprise,Visual Studio,java,2026-07-18T15:23:14.159Z,192,33,true,true,claude-sonnet-5
mmeyer484,Marc Meyer,Business,VS Code,typescript,2026-07-16T15:23:14.159Z,74,32,false,false,claude-sonnet-5
onguyen485,Owen Nguyen,Business,Neovim,python,2026-06-05T15:23:14.159Z,0,38,false,false,claude-sonnet-5
asorensen,Aoife Sorensen,Business,VS Code,go,2026-07-16T15:23:14.159Z,306,30,false,true,claude-sonnet-5
anovak487,Aoife Novak,Business,VS Code,typescript,2026-07-03T15:23:14.159Z,68,40,true,false,claude-opus-4.6
pkim,Priya Kim,Business,JetBrains,typescript,2026-07-14T15:23:14.159Z,78,33,false,false,claude-4.5-haiku
tlarsen489,Tariq Larsen,Business,VS Code,typescript,2026-07-20T15:23:14.159Z,156,17,true,false,claude-sonnet-5
pduarte,Priya Duarte,Business,VS Code,typescript,2026-07-17T15:23:14.159Z,850,39,false,false,gpt-5.6-sol
lbianchi,Liam Bianchi,Business,JetBrains,python,2026-07-16T15:23:14.159Z,826,29,true,true,claude-opus-4.6
nsantos,Noah Santos,Business,Visual Studio,ruby,2026-07-05T15:23:14.159Z,114,43,true,true,claude-sonnet-5
tsorensen493,Theo Sorensen,Business,VS Code,go,2026-07-07T15:23:14.159Z,39,43,false,true,gpt-5.3-codex
ksorensen,Kofi Sorensen,Business,VS Code,ruby,2026-05-07T15:23:14.159Z,0,26,false,true,claude-4.5-haiku
rkim495,Ruth Kim,Business,VS Code,typescript,2026-07-15T15:23:14.159Z,144,38,false,true,claude-opus-4.6
znovak,Zoe Novak,Business,VS Code,python,2026-07-15T15:23:14.159Z,122,43,false,false,claude-sonnet-5
lsorensen497,Lena Sorensen,Business,VS Code,typescript,2026-07-01T15:23:14.159Z,35,34,false,false,gpt-5.3-codex
tmeyer498,Tariq Meyer,Business,VS Code,ruby,2026-07-16T15:23:14.159Z,191,24,true,true,claude-sonnet-5
nkim499,Nina Kim,Business,JetBrains,typescript,2026-07-17T15:23:14.159Z,563,27,true,true,gpt-5.3-codex
rsilva500,Ruth Silva,Business,VS Code,go,2026-06-17T15:23:14.159Z,0,23,true,false,claude-sonnet-5
rsorensen501,Rosa Sorensen,Business,VS Code,csharp,2026-07-16T15:23:14.159Z,465,25,true,true,claude-sonnet-5
asorensen502,Ana Sorensen,Business,,,,0,,,,
ptanaka503,Priya Tanaka,Business,VS Code,go,2026-07-15T15:23:14.159Z,657,45,true,true,claude-sonnet-5
nfischer504,Noah Fischer,Enterprise,Neovim,typescript,2026-07-17T15:23:14.159Z,709,44,true,true,claude-opus-4.6
lnakamura505,Liam Nakamura,Business,Visual Studio,rust,2026-07-19T15:23:14.159Z,794,35,true,false,claude-opus-4.6
jmoreau,Jan Moreau,Business,VS Code,typescript,2026-07-08T15:23:14.159Z,21,29,true,false,gpt-5.6-sol
tkim507,Tariq Kim,Business,JetBrains,csharp,2026-07-15T15:23:14.159Z,554,38,false,true,claude-sonnet-5
rmeyer508,Rosa Meyer,Business,Neovim,typescript,2026-07-19T15:23:14.159Z,262,30,false,true,claude-opus-4.6
niqbal509,Nina Iqbal,Business,JetBrains,typescript,2026-07-05T15:23:14.159Z,56,18,false,true,claude-sonnet-5
nnguyen,Nina Nguyen,Enterprise,VS Code,python,2026-07-19T15:23:14.159Z,665,28,false,false,gpt-5.3-codex
emeyer511,Eli Meyer,Business,JetBrains,kotlin,2026-07-20T15:23:14.159Z,620,20,true,true,claude-sonnet-5
lsantos512,Lena Santos,Enterprise,,,,0,,,,
rlarsen513,Ruth Larsen,Business,Visual Studio,java,2026-06-28T15:23:14.159Z,92,37,true,true,gpt-5.3-codex
lkim,Liam Kim,Business,JetBrains,typescript,2026-04-28T15:23:14.159Z,0,27,true,true,claude-sonnet-5
diqbal515,Dmitri Iqbal,Business,,,,0,,,,
rweber,Ruth Weber,Business,VS Code,typescript,2026-07-16T15:23:14.159Z,537,19,true,false,gpt-5.6-sol
tduarte517,Theo Duarte,Business,VS Code,rust,2026-07-21T15:23:14.159Z,197,22,true,false,claude-sonnet-5
mhaas518,Maya Haas,Business,,,,0,,,,
rtanaka519,Rosa Tanaka,Business,VS Code,java,2026-07-20T15:23:14.159Z,639,37,false,true,gpt-5.6-sol
alarsen520,Aoife Larsen,Business,VS Code,go,2026-07-19T15:23:14.159Z,348,37,true,true,gpt-5.6-sol
kkovacs,Kofi Kovacs,Business,Visual Studio,java,2026-04-29T15:23:14.159Z,0,17,false,true,claude-opus-4.6
kkim522,Kofi Kim,Business,VS Code,csharp,2026-07-20T15:23:14.159Z,471,46,true,true,claude-opus-4.6
nokafor,Noah Okafor,Business,Xcode,java,2026-07-20T15:23:14.159Z,422,32,true,false,claude-sonnet-5
nhaugen,Nina Haugen,Business,JetBrains,go,2026-07-21T15:23:14.159Z,259,26,false,true,claude-opus-4.6
ilarsen525,Ivy Larsen,Business,JetBrains,python,2026-07-04T15:23:14.159Z,30,18,true,true,claude-sonnet-5
ameyer526,Ana Meyer,Business,Xcode,go,2026-07-21T15:23:14.159Z,305,29,false,false,gpt-5.6-sol
onguyen527,Owen Nguyen,Business,JetBrains,typescript,2026-07-01T15:23:14.159Z,106,41,true,false,claude-sonnet-5
pweber528,Priya Weber,Business,VS Code,python,2026-06-06T15:23:14.159Z,0,20,true,true,gpt-5.3-codex
dnakamura,Dmitri Nakamura,Business,VS Code,python,2026-06-10T15:23:14.159Z,0,27,false,true,gpt-5.3-codex
aduarte530,Ana Duarte,Business,,,,0,,,,
ptanaka531,Priya Tanaka,Business,Xcode,csharp,2026-07-21T15:23:14.159Z,232,40,true,true,gpt-5.3-codex
tnakamura,Tariq Nakamura,Business,VS Code,csharp,2026-07-21T15:23:14.159Z,807,22,false,true,claude-sonnet-5
jlarsen,Jan Larsen,Business,VS Code,typescript,2026-07-21T15:23:14.159Z,756,35,false,true,claude-sonnet-5
ofischer534,Omar Fischer,Business,VS Code,typescript,2026-07-18T15:23:14.159Z,505,33,false,false,claude-sonnet-5
nweber535,Noah Weber,Enterprise,VS Code,java,2026-07-19T15:23:14.159Z,864,28,true,true,gpt-5.3-codex
snguyen536,Sara Nguyen,Business,VS Code,java,2026-07-19T15:23:14.159Z,799,36,true,true,claude-sonnet-5
mbianchi,Maya Bianchi,Business,Visual Studio,typescript,2026-05-27T15:23:14.159Z,0,22,false,false,claude-sonnet-5
zmoreau,Zoe Moreau,Enterprise,VS Code,java,2026-07-14T15:23:14.159Z,35,24,false,true,claude-sonnet-5
tnakamura539,Tariq Nakamura,Business,VS Code,typescript,2026-07-19T15:23:14.159Z,484,32,true,false,claude-sonnet-5
emoreau540,Eli Moreau,Business,VS Code,rust,2026-07-20T15:23:14.159Z,687,17,false,true,claude-sonnet-5
dkim541,Dmitri Kim,Business,,,,0,,,,
rbianchi542,Ruth Bianchi,Business,JetBrains,typescript,2026-07-15T15:23:14.159Z,346,26,false,false,claude-sonnet-5
mbianchi543,Marc Bianchi,Business,Neovim,go,2026-07-15T15:23:14.159Z,160,40,true,true,claude-sonnet-5
plarsen544,Priya Larsen,Business,VS Code,ruby,2026-07-16T15:23:14.159Z,530,40,false,true,claude-sonnet-5
tolsen,Theo Olsen,Business,Neovim,python,2026-07-15T15:23:14.159Z,140,29,true,true,claude-sonnet-5
lpetrov546,Liam Petrov,Business,Neovim,go,2026-05-08T15:23:14.159Z,0,32,true,true,gpt-5.3-codex
sfarrell547,Sara Farrell,Business,VS Code,csharp,2026-06-28T15:23:14.159Z,50,28,true,false,gpt-5.3-codex
ofischer548,Owen Fischer,Business,JetBrains,python,2026-07-16T15:23:14.159Z,374,37,false,true,claude-opus-4.6
nhaas549,Nina Haas,Business,JetBrains,csharp,2026-05-14T15:23:14.159Z,0,41,false,true,gpt-5.3-codex
tpetrov550,Tariq Petrov,Business,VS Code,csharp,2026-07-15T15:23:14.159Z,786,33,false,true,claude-sonnet-5
riqbal551,Rosa Iqbal,Business,VS Code,go,2026-07-21T15:23:14.159Z,168,27,false,true,claude-opus-4.6
ymeyer,Yuki Meyer,Business,VS Code,python,2026-07-21T15:23:14.159Z,456,39,true,false,claude-sonnet-5
pfarrell,Priya Farrell,Business,VS Code,ruby,2026-07-21T15:23:14.159Z,814,21,true,false,claude-sonnet-5
polsen554,Priya Olsen,Business,VS Code,typescript,2026-07-19T15:23:14.159Z,816,25,false,true,claude-sonnet-5
rhaas555,Rosa Haas,Business,VS Code,ruby,2026-07-18T15:23:14.159Z,555,31,true,false,claude-opus-4.6
mmeyer556,Maya Meyer,Business,VS Code,python,2026-07-19T15:23:14.159Z,753,25,true,true,claude-sonnet-5
anovak557,Aoife Novak,Business,VS Code,python,2026-07-10T15:23:14.159Z,99,17,true,true,gpt-5.6-sol
zmeyer558,Zoe Meyer,Enterprise,VS Code,python,2026-07-20T15:23:14.159Z,711,35,false,true,claude-sonnet-5
eokafor,Eli Okafor,Business,VS Code,typescript,2026-07-17T15:23:14.159Z,163,26,false,true,claude-sonnet-5
aolsen,Ana Olsen,Enterprise,Visual Studio,go,2026-07-19T15:23:14.159Z,879,22,true,true,claude-opus-4.6
shaugen561,Sara Haugen,Business,VS Code,ruby,2026-07-18T15:23:14.159Z,222,24,false,true,gpt-5.3-codex
abianchi562,Aoife Bianchi,Business,VS Code,rust,2026-07-18T15:23:14.159Z,451,23,false,false,claude-sonnet-5
yduarte,Yuki Duarte,Enterprise,Neovim,go,2026-07-18T15:23:14.159Z,620,35,false,false,claude-opus-4.6
whaas,Wei Haas,Business,JetBrains,kotlin,2026-07-15T15:23:14.159Z,532,33,true,true,claude-opus-4.6
nduarte,Nina Duarte,Business,Visual Studio,python,2026-07-21T15:23:14.159Z,215,34,false,true,claude-opus-4.6
mlarsen566,Maya Larsen,Business,Xcode,typescript,2026-07-15T15:23:14.159Z,457,38,false,true,gpt-5.6-sol
lmeyer567,Liam Meyer,Business,,,,0,,,,
ttanaka,Theo Tanaka,Business,JetBrains,java,2026-07-03T15:23:14.159Z,148,17,false,true,claude-sonnet-5
mweber569,Maya Weber,Business,VS Code,java,2026-07-17T15:23:14.159Z,221,23,false,true,gpt-5.3-codex
ameyer570,Ana Meyer,Business,VS Code,python,2026-07-19T15:23:14.159Z,811,24,false,true,claude-opus-4.6
rolsen571,Rosa Olsen,Business,VS Code,java,2026-06-11T15:23:14.159Z,0,27,true,true,gpt-5.3-codex
lfarrell572,Liam Farrell,Business,JetBrains,csharp,2026-07-20T15:23:14.159Z,493,19,false,true,claude-opus-4.6
rnovak573,Rosa Novak,Business,VS Code,java,2026-07-15T15:23:14.159Z,474,44,true,false,claude-sonnet-5
zweber574,Zoe Weber,Business,VS Code,typescript,2026-07-17T15:23:14.159Z,703,17,false,true,gpt-5.6-sol
dsantos575,Dmitri Santos,Business,,,,0,,,,
nokafor576,Nina Okafor,Business,VS Code,java,2026-05-10T15:23:14.159Z,0,43,true,true,claude-sonnet-5
rhaas577,Rosa Haas,Business,VS Code,python,2026-07-12T15:23:14.159Z,88,27,true,true,claude-opus-4.6
rlarsen578,Ruth Larsen,Enterprise,VS Code,typescript,2026-07-08T15:23:14.159Z,54,45,true,true,claude-4.5-haiku
lsantos579,Liam Santos,Business,JetBrains,typescript,2026-07-17T15:23:14.159Z,464,41,true,true,claude-4.5-haiku
nmeyer580,Noah Meyer,Enterprise,VS Code,python,2026-06-17T15:23:14.159Z,0,29,false,true,claude-sonnet-5
ymoreau581,Yuki Moreau,Enterprise,JetBrains,java,2026-07-20T15:23:14.159Z,897,39,false,false,claude-sonnet-5
asorensen582,Ana Sorensen,Business,VS Code,java,2026-07-21T15:23:14.159Z,430,35,false,true,claude-sonnet-5
lweber583,Liam Weber,Business,Neovim,ruby,2026-06-09T15:23:14.159Z,0,46,false,false,claude-opus-4.6
nmoreau584,Noah Moreau,Business,,,,0,,,,
wsorensen,Wei Sorensen,Enterprise,,,,0,,,,
lsantos586,Lena Santos,Enterprise,VS Code,typescript,2026-07-16T15:23:14.159Z,69,34,true,true,claude-opus-4.6
plarsen587,Priya Larsen,Business,VS Code,ruby,2026-07-06T15:23:14.159Z,107,39,false,true,claude-sonnet-5
nlarsen588,Noah Larsen,Business,VS Code,csharp,2026-07-20T15:23:14.159Z,408,38,false,true,claude-sonnet-5
lnakamura589,Lena Nakamura,Enterprise,VS Code,typescript,2026-07-09T15:23:14.159Z,114,16,true,true,claude-sonnet-5
lnovak590,Liam Novak,Business,VS Code,kotlin,2026-07-17T15:23:14.159Z,14,31,true,false,claude-sonnet-5
kolsen591,Kofi Olsen,Business,VS Code,go,2026-07-19T15:23:14.159Z,540,41,false,false,claude-opus-4.6
akovacs592,Ana Kovacs,Business,VS Code,java,2026-07-12T15:23:14.159Z,48,40,true,false,claude-sonnet-5
yokafor593,Yuki Okafor,Enterprise,VS Code,java,2026-07-17T15:23:14.159Z,184,34,false,true,claude-sonnet-5
kduarte594,Kofi Duarte,Business,,,,0,,,,
efischer,Eli Fischer,Enterprise,VS Code,python,2026-07-20T15:23:14.159Z,313,43,false,true,claude-sonnet-5
rhaas596,Ruth Haas,Enterprise,JetBrains,rust,2026-07-16T15:23:14.159Z,240,28,true,true,claude-sonnet-5
ofischer597,Omar Fischer,Business,,,,0,,,,
phaas,Priya Haas,Business,JetBrains,typescript,2026-07-17T15:23:14.159Z,767,34,true,true,claude-opus-4.6
lnovak599,Lena Novak,Business,Visual Studio,python,2026-07-20T15:23:14.159Z,594,39,false,true,claude-opus-4.6
lolsen,Liam Olsen,Enterprise,JetBrains,csharp,2026-07-19T15:23:14.159Z,548,42,false,true,claude-sonnet-5
zhaas,Zoe Haas,Business,VS Code,java,2026-07-19T15:23:14.159Z,551,35,true,true,claude-sonnet-5
lfarrell602,Lena Farrell,Enterprise,Neovim,csharp,2026-06-06T15:23:14.159Z,0,24,true,true,gpt-5.6-sol
yhaugen603,Yuki Haugen,Enterprise,VS Code,kotlin,2026-07-16T15:23:14.159Z,532,22,false,true,claude-opus-4.6
psantos604,Priya Santos,Business,VS Code,python,2026-07-19T15:23:14.159Z,456,28,true,false,claude-sonnet-5
ekim605,Eli Kim,Business,VS Code,typescript,2026-06-20T15:23:14.159Z,0,20,false,true,claude-sonnet-5
pduarte606,Priya Duarte,Business,Xcode,csharp,2026-07-20T15:23:14.159Z,869,29,true,false,claude-4.5-haiku
jkim607,Jan Kim,Enterprise,VS Code,java,2026-07-18T15:23:14.159Z,232,44,true,false,claude-opus-4.6
rokafor,Ruth Okafor,Business,Neovim,python,2026-07-15T15:23:14.159Z,355,34,false,true,claude-sonnet-5
mhaas609,Marc Haas,Business,JetBrains,typescript,2026-07-15T15:23:14.159Z,680,43,false,true,claude-opus-4.6
lnovak610,Lena Novak,Business,,,,0,,,,
jtanaka611,Jan Tanaka,Business,JetBrains,python,2026-06-26T15:23:14.159Z,99,38,false,true,gpt-5.3-codex
rokafor612,Ruth Okafor,Business,JetBrains,typescript,2026-07-16T15:23:14.159Z,495,18,false,true,claude-opus-4.6
oweber613,Omar Weber,Business,VS Code,java,2026-07-17T15:23:14.159Z,132,26,false,false,claude-opus-4.6
zpetrov,Zoe Petrov,Business,VS Code,python,2026-07-19T15:23:14.159Z,698,42,false,true,gpt-5.3-codex
jhaas615,Jan Haas,Enterprise,VS Code,java,2026-06-20T15:23:14.159Z,0,34,true,true,claude-sonnet-5
nkaur616,Nina Kaur,Business,,,,0,,,,
piqbal617,Priya Iqbal,Business,VS Code,python,2026-07-17T15:23:14.159Z,552,41,true,true,claude-sonnet-5
lbianchi618,Lena Bianchi,Business,VS Code,typescript,2026-07-15T15:23:14.159Z,895,33,false,false,claude-opus-4.6
wlarsen,Wei Larsen,Enterprise,VS Code,ruby,2026-07-10T15:23:14.159Z,109,42,false,true,claude-sonnet-5
nmoreau620,Noah Moreau,Business,VS Code,go,2026-07-07T15:23:14.159Z,139,45,false,true,claude-sonnet-5
pfarrell621,Priya Farrell,Business,VS Code,python,2026-07-21T15:23:14.159Z,885,21,true,true,claude-opus-4.6
solsen,Sara Olsen,Business,,,,0,,,,
nnguyen623,Nina Nguyen,Enterprise,Visual Studio,java,2026-07-18T15:23:14.159Z,802,35,true,true,claude-4.5-haiku
obianchi624,Omar Bianchi,Business,Visual Studio,typescript,2026-07-12T15:23:14.159Z,32,43,true,true,gpt-5.3-codex
ekovacs,Eli Kovacs,Business,VS Code,csharp,2026-07-20T15:23:14.159Z,273,17,false,true,claude-opus-4.6
tfarrell626,Theo Farrell,Business,JetBrains,csharp,2026-07-13T15:23:14.159Z,39,38,false,true,claude-4.5-haiku
kpetrov,Kofi Petrov,Business,,,,0,,,,
nnguyen628,Nina Nguyen,Business,VS Code,python,2026-05-09T15:23:14.159Z,0,27,false,true,claude-sonnet-5
oduarte629,Owen Duarte,Business,VS Code,go,2026-07-15T15:23:14.159Z,606,17,true,true,gpt-5.6-sol
dkovacs630,Dmitri Kovacs,Enterprise,VS Code,go,2026-07-16T15:23:14.159Z,510,46,true,true,claude-opus-4.6
lmeyer631,Liam Meyer,Business,JetBrains,rust,2026-07-19T15:23:14.159Z,685,39,true,true,gpt-5.3-codex
rokafor632,Rosa Okafor,Business,VS Code,python,2026-07-19T15:23:14.159Z,170,35,false,true,claude-4.5-haiku
tokafor633,Tariq Okafor,Business,,,,0,,,,
zsilva,Zoe Silva,Business,JetBrains,ruby,2026-05-21T15:23:14.159Z,0,21,true,true,claude-opus-4.6
eokafor635,Eli Okafor,Enterprise,Visual Studio,csharp,2026-07-15T15:23:14.159Z,852,42,true,true,gpt-5.6-sol
tbianchi,Theo Bianchi,Business,JetBrains,python,2026-07-17T15:23:14.159Z,739,27,false,false,gpt-5.6-sol
tkaur,Tariq Kaur,Business,JetBrains,python,2026-07-18T15:23:14.159Z,589,28,false,false,gpt-5.6-sol
mfischer638,Marc Fischer,Business,VS Code,kotlin,2026-07-16T15:23:14.159Z,886,43,false,true,claude-sonnet-5
ibianchi,Ivy Bianchi,Enterprise,JetBrains,python,2026-07-18T15:23:14.159Z,100,37,true,true,claude-opus-4.6
pnovak,Priya Novak,Business,VS Code,typescript,2026-07-16T15:23:14.159Z,521,33,true,true,gpt-5.3-codex
wkim641,Wei Kim,Business,JetBrains,go,2026-07-18T15:23:14.159Z,431,41,false,true,claude-sonnet-5
kmeyer642,Kofi Meyer,Business,VS Code,typescript,2026-07-08T15:23:14.159Z,16,19,false,true,claude-sonnet-5
mnakamura643,Marc Nakamura,Business,Neovim,python,2026-07-16T15:23:14.159Z,823,24,true,true,claude-sonnet-5
lokafor,Liam Okafor,Business,Neovim,csharp,2026-07-18T15:23:14.159Z,191,29,false,true,claude-opus-4.6
jmeyer645,Jan Meyer,Enterprise,VS Code,typescript,2026-07-20T15:23:14.159Z,856,33,true,true,claude-sonnet-5
jnovak646,Jan Novak,Business,VS Code,java,2026-07-17T15:23:14.159Z,863,25,true,true,claude-opus-4.6
anovak647,Ana Novak,Enterprise,VS Code,java,2026-07-15T15:23:14.159Z,192,16,false,true,claude-sonnet-5
jlarsen648,Jan Larsen,Business,VS Code,typescript,2026-07-18T15:23:14.159Z,470,28,true,true,gpt-5.3-codex
khaugen649,Kofi Haugen,Business,VS Code,go,2026-07-16T15:23:14.159Z,411,33,false,true,claude-opus-4.6
afarrell650,Aoife Farrell,Business,Visual Studio,typescript,2026-07-19T15:23:14.159Z,207,38,false,true,claude-sonnet-5
kbianchi651,Kofi Bianchi,Business,JetBrains,csharp,2026-06-28T15:23:14.159Z,143,22,false,true,claude-sonnet-5
dweber,Dmitri Weber,Enterprise,VS Code,csharp,2026-05-14T15:23:14.159Z,0,42,true,true,claude-opus-4.6
nkim653,Nina Kim,Business,,,,0,,,,
lweber654,Liam Weber,Enterprise,JetBrains,typescript,2026-07-12T15:23:14.159Z,101,43,true,true,claude-opus-4.6
aokafor655,Ana Okafor,Business,JetBrains,typescript,2026-07-19T15:23:14.159Z,362,37,true,false,claude-sonnet-5
ksantos656,Kofi Santos,Business,Neovim,typescript,2026-07-19T15:23:14.159Z,758,27,true,true,claude-sonnet-5
lkim657,Lena Kim,Business,JetBrains,python,2026-07-19T15:23:14.159Z,567,18,true,true,gpt-5.3-codex
anovak658,Aoife Novak,Business,VS Code,typescript,2026-07-21T15:23:14.159Z,759,42,false,false,claude-opus-4.6
inakamura659,Ivy Nakamura,Enterprise,,,,0,,,,
tnovak,Tariq Novak,Business,Visual Studio,typescript,2026-07-18T15:23:14.159Z,328,30,true,true,claude-opus-4.6
lkaur,Liam Kaur,Enterprise,VS Code,typescript,2026-07-20T15:23:14.159Z,335,24,true,true,claude-sonnet-5
anovak662,Aoife Novak,Enterprise,VS Code,java,2026-07-15T15:23:14.159Z,637,35,false,true,claude-sonnet-5
itanaka,Ivy Tanaka,Business,,,,0,,,,
jhaas664,Jan Haas,Business,JetBrains,java,2026-07-21T15:23:14.159Z,615,28,true,false,gpt-5.6-sol
mhaas665,Maya Haas,Business,JetBrains,go,2026-07-16T15:23:14.159Z,414,26,true,false,gpt-5.6-sol
llarsen666,Lena Larsen,Business,VS Code,python,2026-07-18T15:23:14.159Z,410,32,false,true,gpt-5.3-codex
tfischer667,Tariq Fischer,Business,VS Code,python,2026-07-20T15:23:14.159Z,899,37,false,true,claude-sonnet-5
osorensen668,Omar Sorensen,Business,VS Code,csharp,2026-07-16T15:23:14.159Z,614,35,true,true,gpt-5.3-codex
dokafor669,Dmitri Okafor,Business,VS Code,go,2026-06-21T15:23:14.159Z,0,39,true,true,claude-sonnet-5
nbianchi670,Noah Bianchi,Business,VS Code,typescript,2026-07-20T15:23:14.159Z,212,27,false,true,claude-opus-4.6
tkim671,Tariq Kim,Business,JetBrains,java,2026-07-20T15:23:14.159Z,669,33,true,false,claude-4.5-haiku
etanaka,Eli Tanaka,Business,JetBrains,go,2026-07-17T15:23:14.159Z,328,36,true,false,claude-opus-4.6
rbianchi673,Rosa Bianchi,Business,,,,0,,,,
yhaugen674,Yuki Haugen,Business,VS Code,typescript,2026-07-16T15:23:14.159Z,173,37,false,true,gpt-5.3-codex
jhaugen675,Jan Haugen,Business,JetBrains,typescript,2026-07-16T15:23:14.159Z,120,17,false,true,gpt-5.6-sol
ptanaka676,Priya Tanaka,Business,VS Code,java,2026-07-20T15:23:14.159Z,744,19,true,true,claude-opus-4.6
klarsen677,Kofi Larsen,Business,VS Code,java,2026-07-13T15:23:14.159Z,135,29,true,true,claude-opus-4.6
jduarte678,Jan Duarte,Business,VS Code,java,2026-04-30T15:23:14.159Z,0,35,false,false,claude-sonnet-5
inguyen679,Ivy Nguyen,Enterprise,Visual Studio,python,2026-07-16T15:23:14.159Z,394,31,false,false,claude-sonnet-5
mkim680,Maya Kim,Business,VS Code,ruby,2026-07-19T15:23:14.159Z,664,30,true,true,claude-opus-4.6
anovak681,Ana Novak,Business,VS Code,go,2026-07-21T15:23:14.159Z,378,22,true,true,claude-sonnet-5
abianchi682,Aoife Bianchi,Business,VS Code,kotlin,2026-07-19T15:23:14.159Z,685,32,true,true,gpt-5.6-sol
nbianchi683,Noah Bianchi,Business,VS Code,python,2026-07-07T15:23:14.159Z,39,35,false,true,claude-sonnet-5
jmoreau684,Jan Moreau,Business,,,,0,,,,
mokafor685,Maya Okafor,Business,VS Code,java,2026-07-17T15:23:14.159Z,188,29,false,true,claude-sonnet-5
kmoreau,Kofi Moreau,Business,VS Code,typescript,2026-07-15T15:23:14.159Z,169,36,false,true,claude-4.5-haiku
onovak687,Omar Novak,Enterprise,VS Code,kotlin,2026-07-21T15:23:14.159Z,638,33,true,true,claude-sonnet-5
nokafor688,Nina Okafor,Business,JetBrains,ruby,2026-07-21T15:23:14.159Z,744,20,true,true,claude-sonnet-5
nolsen689,Noah Olsen,Enterprise,VS Code,python,2026-07-01T15:23:14.159Z,51,33,true,true,gpt-5.6-sol
osilva690,Omar Silva,Business,Visual Studio,typescript,2026-07-21T15:23:14.159Z,486,16,false,true,gpt-5.6-sol
ksantos691,Kofi Santos,Business,VS Code,python,2026-07-18T15:23:14.159Z,617,29,false,true,gpt-5.6-sol
solsen692,Sara Olsen,Business,JetBrains,java,2026-07-21T15:23:14.159Z,501,41,true,true,gpt-5.3-codex
tpetrov693,Tariq Petrov,Business,VS Code,csharp,2026-05-05T15:23:14.159Z,0,22,false,true,claude-sonnet-5
amoreau694,Ana Moreau,Business,VS Code,kotlin,2026-07-21T15:23:14.159Z,123,34,true,true,claude-opus-4.6
mpetrov,Marc Petrov,Business,VS Code,java,2026-06-11T15:23:14.159Z,0,19,true,false,claude-sonnet-5
npetrov696,Nina Petrov,Business,VS Code,python,2026-07-21T15:23:14.159Z,296,40,true,true,claude-sonnet-5
yiqbal697,Yuki Iqbal,Business,VS Code,csharp,2026-07-16T15:23:14.159Z,141,32,false,true,claude-4.5-haiku
riqbal698,Rosa Iqbal,Business,VS Code,typescript,2026-07-15T15:23:14.159Z,551,20,false,true,claude-sonnet-5
anguyen,Aoife Nguyen,Business,VS Code,go,2026-07-01T15:23:14.159Z,37,44,true,true,gpt-5.6-sol
lkaur700,Liam Kaur,Business,VS Code,typescript,2026-07-16T15:23:14.159Z,753,28,true,true,gpt-5.3-codex
tfarrell701,Theo Farrell,Business,JetBrains,csharp,2026-07-21T15:23:14.159Z,373,22,true,true,claude-sonnet-5
ipetrov702,Ivy Petrov,Business,JetBrains,java,2026-07-18T15:23:14.159Z,336,39,false,false,claude-opus-4.6
lkaur703,Liam Kaur,Business,VS Code,typescript,2026-07-18T15:23:14.159Z,878,33,false,true,claude-sonnet-5
tkaur704,Theo Kaur,Business,Visual Studio,python,2026-07-21T15:23:14.159Z,204,33,false,false,claude-sonnet-5
eiqbal,Eli Iqbal,Enterprise,VS Code,java,2026-07-16T15:23:14.159Z,840,28,false,true,claude-4.5-haiku
rkovacs706,Rosa Kovacs,Enterprise,Visual Studio,typescript,2026-07-18T15:23:14.159Z,776,44,false,true,claude-opus-4.6
msilva707,Marc Silva,Business,Visual Studio,typescript,2026-07-20T15:23:14.159Z,588,30,true,true,claude-4.5-haiku
nhaugen708,Nina Haugen,Business,VS Code,typescript,2026-07-14T15:23:14.159Z,136,23,false,true,claude-sonnet-5
nfarrell,Nina Farrell,Enterprise,VS Code,go,2026-07-18T15:23:14.159Z,550,34,true,false,claude-4.5-haiku
mnakamura710,Marc Nakamura,Enterprise,VS Code,python,2026-07-19T15:23:14.159Z,194,33,true,true,claude-sonnet-5
mkim711,Maya Kim,Business,JetBrains,typescript,2026-07-17T15:23:14.159Z,872,17,false,true,gpt-5.6-sol
jfarrell712,Jan Farrell,Business,JetBrains,typescript,2026-05-13T15:23:14.159Z,0,19,true,true,claude-4.5-haiku
msilva713,Maya Silva,Business,JetBrains,typescript,2026-05-17T15:23:14.159Z,0,37,true,true,claude-sonnet-5
rbianchi714,Ruth Bianchi,Business,JetBrains,java,2026-07-17T15:23:14.159Z,17,44,true,true,claude-sonnet-5
elarsen,Eli Larsen,Business,VS Code,go,2026-07-21T15:23:14.159Z,231,17,true,true,claude-opus-4.6
afischer716,Aoife Fischer,Enterprise,VS Code,typescript,2026-07-18T15:23:14.159Z,268,45,false,true,gpt-5.3-codex
phaugen717,Priya Haugen,Enterprise,VS Code,go,2026-07-19T15:23:14.159Z,139,18,false,true,claude-sonnet-5
ssantos718,Sara Santos,Business,Neovim,rust,2026-07-21T15:23:14.159Z,843,35,true,false,claude-sonnet-5
pmoreau,Priya Moreau,Enterprise,VS Code,typescript,2026-07-17T15:23:14.159Z,337,34,false,false,claude-sonnet-5
isantos720,Ivy Santos,Business,JetBrains,python,2026-07-18T15:23:14.159Z,744,25,true,false,claude-4.5-haiku
olarsen721,Owen Larsen,Business,JetBrains,ruby,2026-07-18T15:23:14.159Z,487,31,false,true,claude-opus-4.6
oolsen722,Omar Olsen,Business,VS Code,java,2026-07-18T15:23:14.159Z,143,35,false,true,claude-sonnet-5
mlarsen723,Marc Larsen,Business,Xcode,rust,2026-07-11T15:23:14.159Z,71,27,true,true,claude-opus-4.6
iolsen,Ivy Olsen,Business,VS Code,go,2026-07-12T15:23:14.159Z,29,33,true,false,gpt-5.3-codex
omeyer,Owen Meyer,Business,VS Code,java,2026-07-09T15:23:14.159Z,137,26,true,true,claude-opus-4.6
nfarrell726,Noah Farrell,Business,JetBrains,rust,2026-07-07T15:23:14.159Z,140,46,true,true,gpt-5.6-sol
nsantos727,Nina Santos,Business,VS Code,kotlin,2026-07-19T15:23:14.159Z,805,41,true,true,gpt-5.6-sol
dmeyer,Dmitri Meyer,Business,JetBrains,go,2026-07-18T15:23:14.159Z,546,23,false,true,claude-sonnet-5
jolsen729,Jan Olsen,Business,JetBrains,typescript,2026-07-16T15:23:14.159Z,849,23,true,true,gpt-5.6-sol
lnakamura730,Lena Nakamura,Business,VS Code,go,2026-07-17T15:23:14.159Z,293,42,false,true,gpt-5.6-sol
jkovacs,Jan Kovacs,Business,VS Code,java,2026-07-16T15:23:14.159Z,700,23,true,true,claude-sonnet-5
tsorensen732,Tariq Sorensen,Enterprise,JetBrains,java,2026-07-18T15:23:14.159Z,130,18,true,false,claude-sonnet-5
mnovak733,Maya Novak,Business,VS Code,python,2026-07-20T15:23:14.159Z,377,18,true,true,claude-opus-4.6
rsorensen734,Ruth Sorensen,Business,JetBrains,csharp,2026-07-15T15:23:14.159Z,651,36,false,true,gpt-5.6-sol
khaugen735,Kofi Haugen,Business,VS Code,typescript,2026-05-27T15:23:14.159Z,0,26,false,true,claude-opus-4.6
lolsen736,Liam Olsen,Business,Visual Studio,typescript,2026-07-18T15:23:14.159Z,490,21,false,false,gpt-5.3-codex
solsen737,Sara Olsen,Business,VS Code,typescript,2026-07-21T15:23:14.159Z,285,37,false,true,claude-sonnet-5
kduarte738,Kofi Duarte,Business,Xcode,go,2026-07-17T15:23:14.159Z,542,35,false,true,claude-sonnet-5
oweber739,Omar Weber,Business,VS Code,typescript,2026-07-08T15:23:14.159Z,88,43,false,false,gpt-5.6-sol
lnakamura740,Liam Nakamura,Enterprise,VS Code,java,2026-06-21T15:23:14.159Z,0,28,false,true,claude-sonnet-5
lkaur741,Liam Kaur,Business,VS Code,csharp,2026-05-19T15:23:14.159Z,0,25,false,false,gpt-5.6-sol
ptanaka742,Priya Tanaka,Business,VS Code,csharp,2026-05-15T15:23:14.159Z,0,43,true,false,claude-sonnet-5
jfarrell743,Jan Farrell,Business,VS Code,rust,2026-06-30T15:23:14.159Z,124,39,false,true,claude-sonnet-5
thaugen744,Theo Haugen,Business,VS Code,python,2026-07-16T15:23:14.159Z,124,31,false,true,claude-sonnet-5
yiqbal745,Yuki Iqbal,Business,VS Code,typescript,2026-07-19T15:23:14.159Z,221,46,false,true,claude-sonnet-5
tiqbal746,Tariq Iqbal,Business,Visual Studio,go,2026-07-13T15:23:14.159Z,137,38,false,true,claude-4.5-haiku
dfarrell747,Dmitri Farrell,Business,VS Code,python,2026-07-21T15:23:14.159Z,228,41,true,true,claude-sonnet-5
ymoreau748,Yuki Moreau,Business,VS Code,go,2026-07-16T15:23:14.159Z,56,34,true,true,claude-opus-4.6
mweber749,Maya Weber,Business,Xcode,typescript,2026-07-16T15:23:14.159Z,767,37,true,true,claude-sonnet-5
wmoreau750,Wei Moreau,Business,,,,0,,,,
rpetrov751,Rosa Petrov,Business,VS Code,python,2026-07-08T15:23:14.159Z,122,35,false,true,claude-sonnet-5
rbianchi752,Rosa Bianchi,Business,JetBrains,typescript,2026-07-17T15:23:14.159Z,537,33,true,true,claude-sonnet-5
yweber,Yuki Weber,Business,VS Code,ruby,2026-07-15T15:23:14.159Z,461,35,true,true,gpt-5.6-sol
lsorensen754,Liam Sorensen,Business,JetBrains,typescript,2026-07-03T15:23:14.159Z,80,20,true,true,claude-sonnet-5
zkovacs,Zoe Kovacs,Business,JetBrains,python,2026-07-19T15:23:14.159Z,884,40,true,true,claude-sonnet-5
miqbal756,Marc Iqbal,Business,Neovim,go,2026-07-18T15:23:14.159Z,142,27,true,true,gpt-5.3-codex
otanaka757,Omar Tanaka,Business,,,,0,,,,
msorensen758,Maya Sorensen,Business,Visual Studio,csharp,2026-06-07T15:23:14.159Z,0,33,true,false,gpt-5.6-sol
mfischer759,Maya Fischer,Business,JetBrains,csharp,2026-07-16T15:23:14.159Z,686,44,true,true,claude-sonnet-5
jmoreau760,Jan Moreau,Business,VS Code,java,2026-07-16T15:23:14.159Z,406,24,false,true,gpt-5.3-codex
eokafor761,Eli Okafor,Business,,,,0,,,,
lfarrell762,Liam Farrell,Business,VS Code,typescript,2026-07-16T15:23:14.159Z,553,19,false,true,claude-opus-4.6
ohaugen763,Omar Haugen,Enterprise,VS Code,python,2026-05-31T15:23:14.159Z,0,37,false,true,gpt-5.3-codex
yhaugen764,Yuki Haugen,Business,,,,0,,,,
ofischer765,Omar Fischer,Business,JetBrains,kotlin,2026-05-22T15:23:14.159Z,0,43,true,true,claude-opus-4.6
wsilva766,Wei Silva,Business,VS Code,python,2026-06-29T15:23:14.159Z,126,25,true,true,claude-sonnet-5
iolsen767,Ivy Olsen,Business,VS Code,typescript,2026-07-16T15:23:14.159Z,406,38,true,true,claude-sonnet-5
tkaur768,Tariq Kaur,Business,VS Code,python,2026-07-19T15:23:14.159Z,655,25,true,true,claude-opus-4.6
rnguyen769,Rosa Nguyen,Business,,,,0,,,,
mfischer770,Marc Fischer,Business,VS Code,go,2026-07-18T15:23:14.159Z,181,16,true,true,claude-sonnet-5
akovacs771,Aoife Kovacs,Enterprise,JetBrains,csharp,2026-07-21T15:23:14.159Z,705,39,true,false,claude-sonnet-5
ahaugen772,Aoife Haugen,Business,VS Code,typescript,2026-07-19T15:23:14.159Z,676,26,true,false,gpt-5.3-codex
dsantos773,Dmitri Santos,Business,VS Code,csharp,2026-07-18T15:23:14.159Z,747,29,false,true,claude-sonnet-5
plarsen774,Priya Larsen,Business,VS Code,java,2026-07-21T15:23:14.159Z,385,34,false,true,gpt-5.3-codex
tlarsen775,Tariq Larsen,Business,VS Code,java,2026-07-17T15:23:14.159Z,708,38,true,true,claude-opus-4.6
znovak776,Zoe Novak,Business,,,,0,,,,
nduarte777,Nina Duarte,Business,JetBrains,go,2026-07-18T15:23:14.159Z,658,28,false,true,claude-opus-4.6
mkim778,Maya Kim,Business,,,,0,,,,
lmeyer779,Liam Meyer,Business,Visual Studio,python,2026-07-18T15:23:14.159Z,236,20,false,false,gpt-5.6-sol
riqbal780,Ruth Iqbal,Enterprise,VS Code,python,2026-07-20T15:23:14.159Z,419,40,false,true,claude-sonnet-5
dnakamura781,Dmitri Nakamura,Business,VS Code,typescript,2026-07-19T15:23:14.159Z,315,38,true,false,gpt-5.3-codex
ihaas782,Ivy Haas,Business,,,,0,,,,
mhaugen,Maya Haugen,Business,JetBrains,typescript,2026-07-20T15:23:14.159Z,698,20,true,true,claude-sonnet-5
akaur,Aoife Kaur,Business,Neovim,java,2026-06-02T15:23:14.159Z,0,19,true,false,claude-4.5-haiku
alarsen785,Aoife Larsen,Business,JetBrains,typescript,2026-07-17T15:23:14.159Z,485,39,false,false,claude-opus-4.6
ohaugen786,Omar Haugen,Business,,,,0,,,,
lweber787,Lena Weber,Business,VS Code,go,2026-07-11T15:23:14.159Z,95,35,false,false,claude-opus-4.6
skim788,Sara Kim,Enterprise,VS Code,typescript,2026-07-20T15:23:14.159Z,429,30,false,true,claude-opus-4.6
ynakamura,Yuki Nakamura,Business,VS Code,rust,2026-07-17T15:23:14.159Z,527,33,false,false,claude-sonnet-5
tkim790,Tariq Kim,Enterprise,Visual Studio,java,2026-07-20T15:23:14.159Z,343,25,true,true,claude-opus-4.6
ykim791,Yuki Kim,Business,JetBrains,typescript,2026-07-15T15:23:14.159Z,740,37,false,true,gpt-5.6-sol
lpetrov792,Lena Petrov,Business,JetBrains,python,2026-07-19T15:23:14.159Z,573,32,false,true,claude-sonnet-5
wkovacs793,Wei Kovacs,Business,Neovim,go,2026-07-18T15:23:14.159Z,671,45,true,false,claude-sonnet-5
ypetrov,Yuki Petrov,Business,,,,0,,,,
kiqbal795,Kofi Iqbal,Enterprise,JetBrains,kotlin,2026-06-30T15:23:14.159Z,44,45,true,true,claude-opus-4.6
zkovacs796,Zoe Kovacs,Enterprise,JetBrains,java,2026-07-05T15:23:14.159Z,118,28,true,true,claude-sonnet-5
ahaas797,Ana Haas,Business,VS Code,typescript,2026-07-16T15:23:14.159Z,563,32,false,true,gpt-5.6-sol
wtanaka798,Wei Tanaka,Business,JetBrains,csharp,2026-07-21T15:23:14.159Z,233,46,true,true,claude-opus-4.6
rokafor799,Rosa Okafor,Business,JetBrains,java,2026-07-16T15:23:14.159Z,759,18,true,false,claude-4.5-haiku
tokafor800,Theo Okafor,Business,Visual Studio,python,2026-07-18T15:23:14.159Z,358,45,true,false,gpt-5.3-codex
sokafor801,Sara Okafor,Business,VS Code,python,2026-07-15T15:23:14.159Z,553,25,false,true,gpt-5.6-sol
inakamura802,Ivy Nakamura,Business,VS Code,ruby,2026-06-20T15:23:14.159Z,0,19,true,true,claude-sonnet-5
aokafor803,Aoife Okafor,Enterprise,VS Code,ruby,2026-07-17T15:23:14.159Z,172,19,false,true,claude-sonnet-5
tpetrov804,Tariq Petrov,Business,,,,0,,,,
asilva805,Ana Silva,Business,VS Code,typescript,2026-07-17T15:23:14.159Z,52,43,false,true,claude-sonnet-5
ookafor806,Omar Okafor,Enterprise,Neovim,python,2026-05-23T15:23:14.159Z,0,25,false,true,gpt-5.3-codex
lmeyer807,Liam Meyer,Business,Visual Studio,rust,2026-07-05T15:23:14.159Z,39,26,true,true,gpt-5.6-sol
esorensen808,Eli Sorensen,Business,VS Code,typescript,2026-05-06T15:23:14.159Z,0,19,true,false,claude-opus-4.6
lnovak809,Lena Novak,Business,JetBrains,python,2026-07-07T15:23:14.159Z,97,23,false,false,gpt-5.6-sol
tokafor810,Tariq Okafor,Enterprise,Xcode,python,2026-05-02T15:23:14.159Z,0,44,false,false,gpt-5.3-codex
esorensen811,Eli Sorensen,Business,VS Code,csharp,2026-07-16T15:23:14.159Z,481,35,false,false,claude-opus-4.6
anakamura812,Ana Nakamura,Business,VS Code,python,2026-07-01T15:23:14.159Z,12,43,false,true,claude-sonnet-5
smeyer813,Sara Meyer,Enterprise,Visual Studio,java,2026-07-20T15:23:14.159Z,579,27,false,false,claude-sonnet-5
rmeyer814,Ruth Meyer,Business,,,,0,,,,
mnguyen,Marc Nguyen,Business,VS Code,python,2026-07-15T15:23:14.159Z,658,43,true,true,claude-opus-4.6
nokafor816,Nina Okafor,Enterprise,Neovim,python,2026-06-26T15:23:14.159Z,124,22,false,true,claude-sonnet-5
ehaas,Eli Haas,Business,Visual Studio,python,2026-07-16T15:23:14.159Z,421,24,true,true,claude-sonnet-5
tkim818,Tariq Kim,Business,VS Code,csharp,2026-07-20T15:23:14.159Z,166,26,true,false,claude-sonnet-5
ihaas819,Ivy Haas,Enterprise,JetBrains,go,2026-07-05T15:23:14.159Z,73,23,true,true,claude-sonnet-5
onovak820,Omar Novak,Enterprise,VS Code,java,2026-07-21T15:23:14.159Z,553,46,false,false,claude-sonnet-5
zpetrov821,Zoe Petrov,Business,JetBrains,typescript,2026-07-16T15:23:14.159Z,287,18,true,false,claude-sonnet-5
lsorensen822,Liam Sorensen,Enterprise,Visual Studio,java,2026-05-04T15:23:14.159Z,0,31,false,false,claude-sonnet-5
jokafor,Jan Okafor,Business,Xcode,csharp,2026-07-15T15:23:14.159Z,827,37,true,true,claude-sonnet-5
ohaas824,Omar Haas,Enterprise,JetBrains,typescript,2026-07-18T15:23:14.159Z,198,43,true,false,claude-sonnet-5
ilarsen825,Ivy Larsen,Business,VS Code,go,2026-07-20T15:23:14.159Z,273,26,true,false,claude-opus-4.6
oweber826,Owen Weber,Business,Neovim,typescript,2026-07-05T15:23:14.159Z,88,35,false,true,claude-sonnet-5
tkaur827,Theo Kaur,Business,VS Code,typescript,2026-07-18T15:23:14.159Z,523,29,false,false,claude-sonnet-5
rkim828,Rosa Kim,Business,VS Code,csharp,2026-07-02T15:23:14.159Z,80,29,false,true,claude-sonnet-5
spetrov829,Sara Petrov,Business,VS Code,rust,2026-07-15T15:23:14.159Z,644,19,false,true,claude-opus-4.6
lfischer830,Liam Fischer,Business,Neovim,kotlin,2026-07-16T15:23:14.159Z,196,35,false,true,claude-sonnet-5
aduarte831,Aoife Duarte,Business,Visual Studio,python,2026-07-20T15:23:14.159Z,310,27,false,false,claude-sonnet-5
rkaur,Rosa Kaur,Business,VS Code,typescript,2026-07-17T15:23:14.159Z,511,36,true,true,claude-sonnet-5
pbianchi833,Priya Bianchi,Business,VS Code,go,2026-07-15T15:23:14.159Z,461,35,true,false,claude-4.5-haiku
nkaur834,Nina Kaur,Business,VS Code,python,2026-07-20T15:23:14.159Z,521,22,false,true,claude-sonnet-5
ahaugen835,Aoife Haugen,Business,Xcode,kotlin,2026-07-09T15:23:14.159Z,15,30,true,true,claude-sonnet-5
lmeyer836,Lena Meyer,Business,Visual Studio,python,2026-05-01T15:23:14.159Z,0,39,false,true,claude-sonnet-5
riqbal837,Ruth Iqbal,Business,JetBrains,typescript,2026-07-17T15:23:14.159Z,646,16,true,true,claude-opus-4.6
mduarte,Maya Duarte,Business,,,,0,,,,
lnguyen839,Liam Nguyen,Enterprise,Neovim,typescript,2026-07-15T15:23:14.159Z,417,39,false,true,claude-sonnet-5
lsantos840,Lena Santos,Business,VS Code,typescript,2026-07-15T15:23:14.159Z,683,38,false,true,claude-4.5-haiku
rfischer841,Ruth Fischer,Business,VS Code,java,2026-05-05T15:23:14.159Z,0,43,true,true,gpt-5.6-sol
osorensen842,Owen Sorensen,Business,VS Code,go,2026-07-08T15:23:14.159Z,101,35,false,false,gpt-5.6-sol
osorensen843,Omar Sorensen,Business,JetBrains,java,2026-05-26T15:23:14.159Z,0,27,true,false,claude-sonnet-5
jnovak844,Jan Novak,Business,VS Code,python,2026-07-16T15:23:14.159Z,659,19,true,true,gpt-5.6-sol
lhaugen845,Liam Haugen,Business,VS Code,csharp,2026-07-20T15:23:14.159Z,891,18,true,false,gpt-5.3-codex
mfischer846,Maya Fischer,Business,VS Code,python,2026-07-17T15:23:14.159Z,457,30,false,false,gpt-5.3-codex
ntanaka847,Noah Tanaka,Enterprise,JetBrains,python,2026-07-16T15:23:14.159Z,832,18,true,true,claude-sonnet-5
ihaugen848,Ivy Haugen,Business,VS Code,go,2026-07-16T15:23:14.159Z,805,26,true,false,claude-opus-4.6
lhaugen849,Liam Haugen,Business,Xcode,java,2026-07-01T15:23:14.159Z,83,24,false,true,claude-sonnet-5
mnakamura850,Maya Nakamura,Business,,,,0,,,,
iduarte851,Ivy Duarte,Enterprise,JetBrains,java,2026-07-21T15:23:14.159Z,496,29,true,true,claude-sonnet-5
ohaas852,Omar Haas,Business,VS Code,csharp,2026-07-15T15:23:14.159Z,404,36,true,true,gpt-5.3-codex
pnovak853,Priya Novak,Business,VS Code,java,2026-07-01T15:23:14.159Z,149,39,false,true,claude-sonnet-5
zlarsen854,Zoe Larsen,Business,Visual Studio,csharp,2026-07-17T15:23:14.159Z,884,19,false,true,claude-opus-4.6
ssantos855,Sara Santos,Business,JetBrains,typescript,2026-07-10T15:23:14.159Z,53,18,false,false,claude-4.5-haiku
mhaugen856,Maya Haugen,Business,Xcode,typescript,2026-07-19T15:23:14.159Z,866,26,true,true,claude-sonnet-5
nduarte857,Noah Duarte,Business,VS Code,python,2026-07-19T15:23:14.159Z,884,24,false,true,claude-sonnet-5
lokafor858,Liam Okafor,Business,JetBrains,typescript,2026-07-18T15:23:14.159Z,235,26,false,true,claude-opus-4.6
tsorensen859,Tariq Sorensen,Enterprise,,,,0,,,,
okovacs,Omar Kovacs,Business,VS Code,rust,2026-06-26T15:23:14.159Z,74,38,true,false,claude-opus-4.6
ykaur,Yuki Kaur,Business,JetBrains,typescript,2026-05-10T15:23:14.159Z,0,27,false,true,claude-sonnet-5
jlarsen862,Jan Larsen,Business,VS Code,csharp,2026-07-20T15:23:14.159Z,185,40,false,true,claude-opus-4.6
pbianchi863,Priya Bianchi,Enterprise,VS Code,typescript,2026-07-18T15:23:14.159Z,493,30,true,true,claude-sonnet-5
mkim864,Maya Kim,Enterprise,JetBrains,java,2026-05-11T15:23:14.159Z,0,33,false,true,gpt-5.3-codex
mkaur865,Maya Kaur,Enterprise,,,,0,,,,
onguyen866,Owen Nguyen,Business,VS Code,typescript,2026-06-28T15:23:14.159Z,135,45,true,true,gpt-5.3-codex
rnguyen867,Ruth Nguyen,Business,VS Code,go,2026-07-16T15:23:14.159Z,767,31,false,true,claude-sonnet-5
mnovak868,Maya Novak,Enterprise,JetBrains,python,2026-06-20T15:23:14.159Z,0,21,true,true,claude-sonnet-5
zsorensen,Zoe Sorensen,Business,VS Code,python,2026-06-27T15:23:14.159Z,148,32,true,true,claude-sonnet-5
llarsen870,Lena Larsen,Business,VS Code,kotlin,2026-07-04T15:23:14.159Z,55,28,false,true,claude-sonnet-5
rfarrell871,Rosa Farrell,Business,VS Code,csharp,2026-06-16T15:23:14.159Z,0,39,true,true,gpt-5.3-codex
lkovacs,Liam Kovacs,Business,JetBrains,java,2026-07-20T15:23:14.159Z,307,18,false,true,claude-sonnet-5
zweber873,Zoe Weber,Business,VS Code,typescript,2026-07-20T15:23:14.159Z,129,30,false,true,claude-opus-4.6
rnguyen874,Ruth Nguyen,Business,JetBrains,python,2026-07-09T15:23:14.159Z,14,42,true,true,claude-opus-4.6
kkaur875,Kofi Kaur,Business,JetBrains,typescript,2026-07-18T15:23:14.159Z,267,28,false,false,claude-sonnet-5
riqbal876,Rosa Iqbal,Business,VS Code,typescript,2026-07-16T15:23:14.159Z,753,43,true,false,gpt-5.3-codex
lhaugen877,Lena Haugen,Business,JetBrains,python,2026-07-16T15:23:14.159Z,842,35,true,false,claude-opus-4.6
isilva878,Ivy Silva,Business,Neovim,csharp,2026-07-19T15:23:14.159Z,471,20,true,true,claude-sonnet-5
wlarsen879,Wei Larsen,Enterprise,VS Code,python,2026-07-19T15:23:14.159Z,795,45,true,true,gpt-5.6-sol
snguyen880,Sara Nguyen,Business,JetBrains,kotlin,2026-07-20T15:23:14.159Z,441,34,false,true,gpt-5.6-sol
onguyen881,Omar Nguyen,Business,VS Code,python,2026-06-27T15:23:14.159Z,111,18,false,true,claude-sonnet-5
omeyer882,Owen Meyer,Business,VS Code,rust,2026-06-26T15:23:14.159Z,147,18,false,false,claude-sonnet-5
nnguyen883,Nina Nguyen,Enterprise,JetBrains,typescript,2026-06-26T15:23:14.159Z,86,32,true,false,claude-sonnet-5
jpetrov884,Jan Petrov,Business,Visual Studio,java,2026-07-21T15:23:14.159Z,184,41,true,true,gpt-5.3-codex
jpetrov885,Jan Petrov,Enterprise,JetBrains,typescript,2026-06-04T15:23:14.159Z,0,23,true,true,claude-sonnet-5
lkim886,Lena Kim,Business,VS Code,ruby,2026-07-16T15:23:14.159Z,780,39,true,false,gpt-5.3-codex
otanaka887,Omar Tanaka,Business,Visual Studio,python,2026-07-14T15:23:14.159Z,63,20,false,false,claude-opus-4.6
solsen888,Sara Olsen,Business,VS Code,java,2026-07-17T15:23:14.159Z,87,37,true,true,claude-4.5-haiku
jpetrov889,Jan Petrov,Business,JetBrains,java,2026-07-21T15:23:14.159Z,615,28,true,true,claude-sonnet-5
tfischer890,Theo Fischer,Business,JetBrains,typescript,2026-07-18T15:23:14.159Z,841,38,true,false,claude-sonnet-5
afischer891,Aoife Fischer,Business,,,,0,,,,
ysantos892,Yuki Santos,Business,VS Code,typescript,2026-05-18T15:23:14.159Z,0,23,false,true,claude-sonnet-5
kfischer893,Kofi Fischer,Business,VS Code,python,2026-07-18T15:23:14.159Z,852,38,true,true,claude-sonnet-5
esorensen894,Eli Sorensen,Business,VS Code,java,2026-07-15T15:23:14.159Z,725,40,true,true,claude-opus-4.6
kweber895,Kofi Weber,Business,Xcode,java,2026-07-16T15:23:14.159Z,777,36,false,false,claude-opus-4.6
eweber,Eli Weber,Business,VS Code,csharp,2026-07-16T15:23:14.159Z,839,41,true,false,claude-sonnet-5
apetrov897,Aoife Petrov,Business,Xcode,typescript,2026-07-15T15:23:14.159Z,866,21,false,true,claude-opus-4.6
mfischer898,Maya Fischer,Business,Visual Studio,java,2026-07-16T15:23:14.159Z,14,25,false,true,claude-opus-4.6
jbianchi,Jan Bianchi,Business,JetBrains,typescript,2026-07-19T15:23:14.159Z,708,29,false,false,gpt-5.3-codex
tmeyer900,Theo Meyer,Enterprise,JetBrains,java,2026-07-18T15:23:14.159Z,434,22,true,true,claude-opus-4.6
pnovak901,Priya Novak,Business,VS Code,python,2026-07-17T15:23:14.159Z,555,28,false,true,claude-sonnet-5
ehaugen,Eli Haugen,Business,,,,0,,,,
ztanaka,Zoe Tanaka,Business,VS Code,python,2026-07-16T15:23:14.159Z,231,38,true,true,claude-sonnet-5
oweber904,Owen Weber,Business,VS Code,python,2026-07-16T15:23:14.159Z,135,30,false,true,claude-sonnet-5
nkim905,Nina Kim,Business,JetBrains,rust,2026-07-15T15:23:14.159Z,343,30,false,true,claude-4.5-haiku
smoreau906,Sara Moreau,Enterprise,VS Code,java,2026-07-21T15:23:14.159Z,306,26,false,true,claude-sonnet-5
pnovak907,Priya Novak,Business,VS Code,typescript,2026-07-19T15:23:14.159Z,808,43,true,false,claude-sonnet-5
lpetrov908,Liam Petrov,Enterprise,Xcode,typescript,2026-07-18T15:23:14.159Z,179,25,true,false,claude-sonnet-5
pweber909,Priya Weber,Business,VS Code,csharp,2026-07-16T15:23:14.159Z,254,35,true,false,claude-opus-4.6
wkaur,Wei Kaur,Business,JetBrains,csharp,2026-07-19T15:23:14.159Z,241,20,false,true,claude-4.5-haiku
olarsen911,Owen Larsen,Enterprise,VS Code,typescript,2026-07-10T15:23:14.159Z,50,34,true,true,claude-sonnet-5
oduarte912,Owen Duarte,Enterprise,VS Code,typescript,2026-07-17T15:23:14.159Z,299,38,true,true,gpt-5.3-codex
yfarrell,Yuki Farrell,Business,VS Code,typescript,2026-07-15T15:23:14.159Z,683,30,false,true,claude-sonnet-5
jduarte914,Jan Duarte,Business,VS Code,python,2026-07-19T15:23:14.159Z,656,28,true,true,claude-opus-4.6
rkovacs915,Rosa Kovacs,Business,VS Code,typescript,2026-07-16T15:23:14.159Z,809,19,true,true,claude-sonnet-5
oduarte916,Owen Duarte,Business,VS Code,typescript,2026-07-13T15:23:14.159Z,17,30,false,true,claude-sonnet-5
kmeyer917,Kofi Meyer,Business,VS Code,typescript,2026-05-09T15:23:14.159Z,0,37,false,true,gpt-5.3-codex
rfischer918,Rosa Fischer,Enterprise,VS Code,csharp,2026-06-15T15:23:14.159Z,0,35,true,true,gpt-5.3-codex
tsantos,Theo Santos,Business,VS Code,kotlin,2026-07-18T15:23:14.159Z,133,34,true,true,claude-opus-4.6
mnovak920,Marc Novak,Enterprise,JetBrains,go,2026-07-05T15:23:14.159Z,125,16,false,true,claude-sonnet-5
rlarsen921,Ruth Larsen,Business,VS Code,typescript,2026-07-20T15:23:14.159Z,679,27,true,true,gpt-5.3-codex
jhaugen922,Jan Haugen,Business,VS Code,python,2026-07-19T15:23:14.159Z,146,22,false,true,gpt-5.3-codex
rtanaka923,Ruth Tanaka,Business,VS Code,typescript,2026-07-20T15:23:14.159Z,559,25,false,true,gpt-5.3-codex
rmoreau,Rosa Moreau,Business,VS Code,python,2026-07-17T15:23:14.159Z,632,25,false,true,claude-sonnet-5
dfarrell925,Dmitri Farrell,Business,VS Code,typescript,2026-05-12T15:23:14.159Z,0,41,false,true,claude-sonnet-5
lnguyen926,Lena Nguyen,Business,,,,0,,,,
ktanaka,Kofi Tanaka,Business,VS Code,typescript,2026-07-20T15:23:14.159Z,857,40,true,false,claude-sonnet-5
llarsen928,Lena Larsen,Business,JetBrains,typescript,2026-07-01T15:23:14.159Z,33,36,true,false,gpt-5.6-sol
msantos,Marc Santos,Business,VS Code,kotlin,2026-07-16T15:23:14.159Z,201,38,true,false,gpt-5.6-sol
mpetrov930,Maya Petrov,Enterprise,Neovim,ruby,2026-07-16T15:23:14.159Z,509,18,false,true,claude-sonnet-5
pweber931,Priya Weber,Enterprise,VS Code,python,2026-07-19T15:23:14.159Z,533,19,false,false,gpt-5.6-sol
mokafor932,Marc Okafor,Business,VS Code,typescript,2026-07-16T15:23:14.159Z,549,30,true,true,claude-sonnet-5
oolsen933,Owen Olsen,Enterprise,JetBrains,rust,2026-07-19T15:23:14.159Z,137,43,false,true,claude-4.5-haiku
mnakamura934,Marc Nakamura,Business,VS Code,python,2026-07-18T15:23:14.159Z,868,35,false,true,gpt-5.6-sol
psantos935,Priya Santos,Enterprise,VS Code,typescript,2026-07-11T15:23:14.159Z,67,45,true,false,claude-sonnet-5
ykaur936,Yuki Kaur,Business,VS Code,python,2026-07-19T15:23:14.159Z,770,33,false,true,gpt-5.6-sol
mkovacs937,Marc Kovacs,Enterprise,VS Code,java,2026-06-29T15:23:14.159Z,47,42,false,true,claude-sonnet-5
mhaugen938,Maya Haugen,Business,VS Code,csharp,2026-05-23T15:23:14.159Z,0,29,true,true,claude-sonnet-5
tweber939,Theo Weber,Business,JetBrains,python,2026-07-17T15:23:14.159Z,699,27,true,true,gpt-5.6-sol
lokafor940,Liam Okafor,Business,VS Code,java,2026-07-15T15:23:14.159Z,376,35,false,true,claude-sonnet-5
ifischer,Ivy Fischer,Business,VS Code,go,2026-07-17T15:23:14.159Z,363,40,false,false,gpt-5.3-codex
afischer942,Ana Fischer,Enterprise,Visual Studio,typescript,2026-07-15T15:23:14.159Z,843,24,false,false,claude-opus-4.6
akim943,Aoife Kim,Business,JetBrains,typescript,2026-07-19T15:23:14.159Z,830,43,false,false,claude-opus-4.6
stanaka944,Sara Tanaka,Business,,,,0,,,,
yweber945,Yuki Weber,Business,VS Code,typescript,2026-07-21T15:23:14.159Z,188,22,true,true,claude-sonnet-5
ymeyer946,Yuki Meyer,Business,JetBrains,go,2026-07-06T15:23:14.159Z,12,26,true,false,gpt-5.3-codex
rweber947,Ruth Weber,Business,JetBrains,typescript,2026-07-19T15:23:14.159Z,842,45,true,false,claude-sonnet-5
afischer948,Ana Fischer,Business,,,,0,,,,
sfarrell949,Sara Farrell,Business,Visual Studio,rust,2026-07-15T15:23:14.159Z,366,46,true,false,claude-sonnet-5
lhaugen950,Liam Haugen,Business,VS Code,typescript,2026-07-18T15:23:14.159Z,16,21,true,true,claude-sonnet-5
anakamura951,Ana Nakamura,Business,VS Code,python,2026-07-16T15:23:14.159Z,100,27,true,false,claude-opus-4.6
tlarsen952,Theo Larsen,Business,VS Code,go,2026-04-29T15:23:14.159Z,0,38,false,false,gpt-5.6-sol
aolsen953,Ana Olsen,Business,Xcode,python,2026-07-15T15:23:14.159Z,91,19,false,true,claude-opus-4.6
ehaugen954,Eli Haugen,Business,JetBrains,java,2026-07-19T15:23:14.159Z,179,27,false,true,claude-sonnet-5
snovak,Sara Novak,Business,,,,0,,,,
nduarte956,Nina Duarte,Business,VS Code,python,2026-07-16T15:23:14.159Z,420,23,true,false,claude-sonnet-5
zkim957,Zoe Kim,Business,JetBrains,typescript,2026-07-11T15:23:14.159Z,88,22,false,false,claude-sonnet-5
lpetrov958,Liam Petrov,Business,VS Code,go,2026-07-15T15:23:14.159Z,562,19,true,false,claude-sonnet-5
rolsen959,Ruth Olsen,Business,VS Code,typescript,2026-07-15T15:23:14.159Z,625,17,false,true,gpt-5.3-codex
rsilva960,Ruth Silva,Enterprise,VS Code,python,2026-07-21T15:23:14.159Z,200,23,true,true,gpt-5.3-codex
epetrov961,Eli Petrov,Business,Xcode,python,2026-07-17T15:23:14.159Z,615,33,false,false,gpt-5.3-codex
shaugen962,Sara Haugen,Business,VS Code,python,2026-07-15T15:23:14.159Z,447,39,true,true,gpt-5.3-codex
lsantos963,Liam Santos,Enterprise,VS Code,typescript,2026-07-20T15:23:14.159Z,895,31,false,true,claude-sonnet-5
zfischer,Zoe Fischer,Business,Neovim,typescript,2026-07-15T15:23:14.159Z,874,17,false,true,gpt-5.6-sol
jnguyen965,Jan Nguyen,Business,JetBrains,typescript,2026-07-18T15:23:14.159Z,632,42,false,true,claude-sonnet-5
knakamura966,Kofi Nakamura,Business,JetBrains,ruby,2026-07-02T15:23:14.159Z,43,42,false,true,claude-4.5-haiku
nfischer967,Nina Fischer,Enterprise,JetBrains,java,2026-07-08T15:23:14.159Z,61,41,false,true,claude-sonnet-5
omoreau968,Owen Moreau,Business,VS Code,python,2026-06-21T15:23:14.159Z,0,26,false,true,claude-sonnet-5
liqbal969,Liam Iqbal,Business,VS Code,go,2026-04-29T15:23:14.159Z,0,20,false,false,gpt-5.3-codex
jolsen970,Jan Olsen,Business,,,,0,,,,
omoreau971,Omar Moreau,Business,VS Code,csharp,2026-07-06T15:23:14.159Z,61,37,true,true,claude-sonnet-5
zolsen972,Zoe Olsen,Business,Xcode,ruby,2026-07-04T15:23:14.159Z,101,18,false,true,gpt-5.6-sol
iduarte973,Ivy Duarte,Business,Visual Studio,typescript,2026-07-18T15:23:14.159Z,131,44,false,false,claude-sonnet-5
zduarte,Zoe Duarte,Business,JetBrains,typescript,2026-07-18T15:23:14.159Z,539,29,true,false,claude-sonnet-5
dnovak975,Dmitri Novak,Business,Neovim,typescript,2026-07-21T15:23:14.159Z,868,45,false,true,claude-sonnet-5
oduarte976,Owen Duarte,Business,Neovim,typescript,2026-07-19T15:23:14.159Z,155,39,false,true,claude-opus-4.6
tolsen977,Theo Olsen,Business,JetBrains,typescript,2026-07-17T15:23:14.159Z,886,32,false,true,gpt-5.6-sol
wweber978,Wei Weber,Business,VS Code,python,2026-06-26T15:23:14.159Z,76,19,false,true,claude-opus-4.6
kolsen979,Kofi Olsen,Business,VS Code,typescript,2026-07-10T15:23:14.159Z,31,36,true,false,gpt-5.6-sol
mfarrell980,Maya Farrell,Business,VS Code,python,2026-07-18T15:23:14.159Z,181,29,false,false,gpt-5.3-codex
okovacs981,Owen Kovacs,Business,VS Code,ruby,2026-07-16T15:23:14.159Z,335,28,true,true,claude-sonnet-5
mokafor982,Maya Okafor,Business,VS Code,python,2026-07-17T15:23:14.159Z,463,23,false,false,gpt-5.3-codex
lokafor983,Lena Okafor,Enterprise,,,,0,,,,
rsorensen984,Rosa Sorensen,Business,VS Code,kotlin,2026-04-28T15:23:14.159Z,0,18,true,false,claude-sonnet-5
ntanaka985,Nina Tanaka,Business,Visual Studio,python,2026-07-21T15:23:14.159Z,395,28,false,true,gpt-5.3-codex
rhaugen,Ruth Haugen,Business,VS Code,kotlin,2026-07-21T15:23:14.159Z,812,28,true,false,claude-sonnet-5
tbianchi987,Theo Bianchi,Business,JetBrains,typescript,2026-07-18T15:23:14.159Z,273,28,false,false,gpt-5.6-sol
elarsen988,Eli Larsen,Enterprise,JetBrains,typescript,2026-07-20T15:23:14.159Z,126,40,true,true,gpt-5.6-sol
dfischer989,Dmitri Fischer,Business,VS Code,typescript,2026-07-14T15:23:14.159Z,57,38,false,false,claude-opus-4.6
rsilva990,Rosa Silva,Business,Visual Studio,csharp,2026-07-21T15:23:14.159Z,583,16,false,true,gpt-5.6-sol
oolsen991,Owen Olsen,Business,JetBrains,typescript,2026-07-18T15:23:14.159Z,329,45,true,true,gpt-5.3-codex
kokafor,Kofi Okafor,Business,JetBrains,go,2026-06-19T15:23:14.159Z,0,17,true,true,gpt-5.6-sol
liqbal993,Lena Iqbal,Business,JetBrains,python,2026-07-18T15:23:14.159Z,790,28,false,true,claude-sonnet-5
rnovak994,Ruth Novak,Business,VS Code,rust,2026-07-16T15:23:14.159Z,31,41,true,false,claude-sonnet-5
mduarte995,Marc Duarte,Business,VS Code,rust,2026-07-21T15:23:14.159Z,205,31,true,false,gpt-5.3-codex
ysilva996,Yuki Silva,Business,Visual Studio,typescript,2026-07-19T15:23:14.159Z,651,21,true,true,claude-opus-4.6
nhaugen997,Nina Haugen,Business,VS Code,go,2026-07-09T15:23:14.159Z,56,22,true,true,claude-sonnet-5
dmeyer998,Dmitri Meyer,Business,Visual Studio,java,2026-07-16T15:23:14.159Z,637,26,true,false,claude-sonnet-5
mkim999,Maya Kim,Business,Neovim,typescript,2026-07-21T15:23:14.159Z,541,33,true,true,gpt-5.6-sol
